Shear Link Angle,Shear Force
0,0
0.00012024784282890007,13.255040000000005
0.00024049568565770007,26.55456
0.00036074352848660003,39.58720000000001
0.0004809913713155,52.931200000000004
0.0006012392141443,66.2752
0.0007214870569732,79.6192
0.000841734899802,92.9632
0.0009619827426308999,106.30720000000001
0.0010822305854596998,119.2064
0.0012024784282886002,132.55040000000002
0.0013227262711174,145.8944
0.0014392163688579,159.2384
0.0015594642116867003,172.5824
0.0016797120545156002,185.9264
0.0017999598973445002,198.82560000000004
0.0019202077401733,212.16960000000003
0.0020404555830022,225.5136
0.002160703425831,238.85760000000005
0.0022809512686599,252.2016
0.0024011991114887003,265.54560000000004
0.0025214469543176003,278.4448
0.0026416947971464,291.7888
0.0027619426399753,305.1328
0.0028821904828041003,318.47679999999997
0.0030024383256330002,331.82079999999996
0.0031226861684619,345.16479999999996
0.0032429340112907,358.0640000000001
0.0033556663639427997,371.40799999999996
0.0034683987165948,384.75199999999995
0.0036187085201309,398.09599999999995
0.0037314408727828997,411.44
0.003844173225435,424.784
0.003956905578087,437.68320000000006
0.0041447928325071,451.47200000000004
0.0043702575378112,464.81600000000003
0.0045205673413473,473.712
0.0050842291046075,487.05600000000004
0.0057606232205198,495.952
0.0066624820417363,504.84799999999996
0.0073012987067645,509.29600000000005
0.008090425175328899,518.192
0.008541354585937098,527.088
0.010420227130138,531.5360000000001
0.012036057518150699,535.984
0.0139900849641196,540.432
0.015643492803016298,544.88
0.017184168289261,549.328
0.0187624212263897,553.7760000000001
0.019626702596722098,553.7760000000001
0.0195515476949541,540.432
0.019438815342302098,527.088
0.019363660440534,513.744
0.019288505538765998,500.40000000000003
0.019213350636998,487.05600000000004
0.019138195735229898,473.712
0.0190254633825779,460.368
0.0189503084808098,447.024
0.0188375761281578,434.56960000000004
0.0187624212263897,421.22560000000004
0.018649688873737698,407.88160000000005
0.0185745339719697,394.5376
0.0184618016193176,381.19359999999995
0.0183866467175496,368.2944
0.0182739143648975,354.9504
0.0181987594631295,341.6064
0.0180860271104774,328.2624
0.0179732947578254,314.91839999999996
0.017860562405173298,301.57439999999997
0.0177478300525213,288.2304
0.0176350976998692,274.8864
0.0175223653472172,261.9872
0.017409632994565098,248.6432
0.0172969006419131,235.2992
0.017221745740145098,221.9552
0.017109013387493,208.6112
0.0169962810348409,195.2672
0.0168835486821889,181.9232
0.016770816329536798,169.02400000000003
0.0166580839768848,155.68
0.0165077741733487,142.336
0.0163950418206967,128.99200000000002
0.0162447320171606,115.648
0.0161319996645086,102.7488
0.0159816898609725,89.40480000000002
0.0158689575083204,76.06080000000001
0.0157562251556684,62.716800000000006
0.0156059153521323,49.3728
0.0154556055485962,36.295680000000004
0.015305295745060198,23.085120000000003
0.015154985941524098,9.830080000000002
0.015004676137987998,-3.3849280000000004
0.014854366334452,-16.59104
0.0146664790800319,-29.801600000000004
0.014516169276495799,-43.012159999999994
0.0143658594729598,-56.04480000000001
0.014177972218539699,-69.3888
0.014027662415003599,-82.73280000000001
0.013877352611467499,-95.632
0.0136894653570474,-108.976
0.013539155553511399,-122.32
0.013388845749975299,-135.2192
0.0132009584955552,-148.5632
0.013050648692019199,-161.90720000000002
0.012900338888483099,-175.25119999999998
0.012712451634063,-188.1504
0.0125621418305269,-201.49439999999998
0.012411832026990898,-214.8384
0.0122239447725708,-227.73760000000004
0.0120736349690347,-241.08160000000004
0.0119233251654986,-257.98400000000004
0.0116227055584265,-269.5488
0.0112093535987023,-286.00640000000004
0.010608114384558,-304.68800000000005
0.0102699173266019,-318.03200000000004
0.009818987915993699,-334.48960000000005
0.009330481054501499,-350.5024
0.0089171290947773,-362.51200000000006
0.0085037771350531,-374.9664
0.008090425175328899,-391.42400000000004
0.0074516085103006,-407.88160000000005
0.0065873271399682,-427.8976
0.0057230457696358,-445.2448
0.0048963418501875005,-460.36800000000005
0.003844173225435,-473.71200000000005
0.0027431539145333,-491.50400000000013
0.0015594642116867003,-509.29600000000005
0.0005523885279951,-522.6400000000001
-0.0007023225570221939,-535.984
-0.0020254246026484,-549.3280000000001
-0.0036224662652190997,-562.672
-0.005099260084961,-571.5680000000001
-0.0065647806694376,-584.912
-0.0082181885083344,-593.8080000000001
-0.009758863994579101,-602.7040000000001
-0.0107734551684476,-611.6000000000001
-0.0120510884985041,-620.4960000000001
-0.0134038767303287,-624.9440000000001
-0.0149069747656894,-633.84
-0.01622218554663,-638.2880000000001
-0.017161621818730502,-642.7360000000001
-0.0179131708364108,-647.1840000000001
-0.0185895649523231,-651.6320000000001
-0.0196417335770756,-656.08
-0.019566578675307502,-642.7360000000001
-0.0195290012244235,-629.392
-0.0194538463226555,-616.0480000000001
-0.019378691420887502,-602.7040000000001
-0.0193411139700034,-589.3600000000001
-0.0192659590682354,-576.0160000000001
-0.019228381617351402,-562.672
-0.0191532267155834,-549.3280000000001
-0.0191156492646993,-535.984
-0.0190404943629313,-522.6400000000001
-0.0189277620102793,-509.29600000000005
-0.0188150296576272,-495.952
-0.0187022973049752,-482.608
-0.0185895649523231,-469.264
-0.0184768325996711,-455.92000000000013
-0.018364100247019,-441.2416
-0.0182513678943669,-428.3424
-0.018138635541714902,-414.9984
-0.0180259031890628,-401.6544
-0.0179131708364108,-388.31040000000013
-0.0178004384837587,-374.9664
-0.0176877061311067,-361.6224
-0.0175749737784546,-348.7232000000001
-0.0174246639749186,-335.3792000000001
-0.0173119316222665,-322.0352000000001
-0.0171991992696145,-308.6912000000001
-0.0170488894660784,-295.3472000000001
-0.0168985796625423,-282.44800000000004
-0.0167482698590063,-269.10400000000004
-0.0166355375063542,-255.76
-0.0164852277028181,-242.41600000000003
-0.0163349178992821,-229.5168
-0.016184608095746,-216.17280000000002
-0.0160342982922099,-202.82880000000003
-0.0159215659395579,-189.4848
-0.0157712561360218,-176.58560000000003
-0.015620946332485801,-163.24160000000003
-0.015470636528949701,-149.89759999999998
-0.0153579041762976,-136.55360000000002
-0.0152075943727616,-123.2096
-0.0150572845692255,-110.31040000000002
-0.0149069747656894,-96.9664
-0.0147942424130374,-83.62240000000001
-0.0146439326095013,-70.2784
-0.0144936228059652,-57.37920000000001
-0.0143433130024292,-33.31552
-0.014230580649777102,-10.274880000000001
-0.0135541865338648,4.35904
-0.013103257123256601,27.97792
-0.012952947319720501,41.36640000000001
-0.0128402149670685,54.265600000000006
-0.0126899051635324,67.6096
-0.012539595359996401,80.95360000000001
-0.012389285556460301,94.2976
-0.0122765532038082,107.19680000000002
-0.012126243400272201,120.54080000000002
-0.011975933596736101,133.8848
-0.0118256237932,147.22880000000004
-0.011712891440548,160.57280000000003
-0.0115625816370119,173.472
-0.0114122718334758,186.81600000000003
-0.0110740747755197,207.27680000000004
-0.0108486100702156,224.1792
-0.010510413012259402,243.3056
-0.010172215954303301,263.7664
-0.009871596347231101,281.5584
-0.0092703571330869,298.016
-0.0085563855662905,322.48
-0.0079927238030303,341.1616
-0.00742906203977,359.3984
-0.0068654002765098,378.52479999999997
-0.0063768934150176,393.20320000000004
-0.0057380767499893,407.88160000000005
-0.0049489502814249,423.44960000000003
-0.0044228659690487004,435.45920000000007
-0.0037013789120754997,447.024
-0.0028746749926272,460.368
-0.002096821759328,473.712
-0.0011310812716088,487.05600000000004
0.0003306815677794,509.29600000000005
0.0016872275446924,527.088
0.003844173225435,544.88
0.0065873271399682,567.12
0.0086540869385892,580.464
0.010908733991630198,593.808
0.0129754937902511,607.152
0.015192563392408098,620.496
0.0178229849542893,629.392
0.0201152094582144,638.288
0.0228207859218636,647.1840000000001
0.0252633202293247,660.528
0.0276306996350178,669.424
0.029434417277450598,678.32
0.0313132898216514,682.768
0.033041852562316204,691.664
0.034432218245024904,696.1120000000001
0.035559541771545404,696.1120000000001
0.036686865298065904,696.1120000000001
0.037701456471934305,696.1120000000001
0.0384530054896147,696.1120000000001
0.0380772309807745,682.768
0.0380772309807745,669.424
0.0380772309807745,656.08
0.0380772309807745,642.736
0.0380772309807745,629.392
0.0380772309807745,616.048
0.0380772309807745,602.7040000000001
0.037701456471934305,589.36
0.037701456471934305,576.0160000000001
0.037701456471934305,562.672
0.0373256819630942,549.328
0.0373256819630942,535.984
0.0373256819630942,522.64
0.0373256819630942,509.29600000000005
0.036949907454254,495.952
0.036949907454254,482.60799999999995
0.0368371751016019,469.26399999999995
0.036724442748949905,455.91999999999996
0.036611710396297806,442.5760000000001
0.036498978043645804,430.5664
0.036386245690993704,417.2224
0.0362735133383417,403.8784
0.0361607809856896,390.53439999999995
0.0360480486330376,377.19039999999995
0.0359353162803855,363.84639999999996
0.035785006476849505,350.50239999999997
0.035672274124197406,337.6032
0.035559541771545404,324.2592
0.035446809418893305,310.9152
0.0353340770662413,297.57120000000003
0.0352213447135892,284.22720000000004
0.0350710349100532,270.8832
0.0349583025574011,257.984
0.034845570204749,244.64000000000001
0.034732837852097,231.296
0.0346201054994449,217.952
0.034507373146792905,204.60800000000003
0.034357063343256805,191.264
0.0342443309906048,178.36480000000003
0.0340940211870687,165.02080000000004
0.0339437113835326,151.67680000000001
0.0338309790308806,138.33280000000002
0.0336806692273445,125.43360000000001
0.0335303594238084,112.0896
0.033417627071156406,98.7456
0.033267317267620305,85.4016
0.0331170074640843,72.05760000000001
0.0330042751114322,59.158400000000015
0.0328539653078961,45.814400000000006
0.0327036555043601,32.55936
0.032590923151708,19.30432
0.032440613348172005,6.0492799999999995
0.032290303544635905,-7.183520000000001
0.032139993741099805,-20.371840000000002
0.031989683937563705,-33.58240000000001
0.0318017966831437,-46.792959999999994
0.0316514868796076,-60.048
0.0315011770760715,-73.392
0.031350867272535506,-86.2912
0.0311629800181154,-99.6352
0.0310126702145793,-112.97919999999999
0.0308623604110432,-125.87840000000001
0.0307120506075072,-139.22240000000002
0.030524163353087098,-152.5664
0.030373853549550998,-165.46560000000002
0.0301108113933629,-178.80960000000002
0.029885346688058798,-191.70880000000002
0.0296223045318707,-204.608
0.0293592623756826,-217.50719999999998
0.0291337976703785,-230.8512
0.0288707555141903,-243.75039999999998
0.0286077133580022,-256.6496
0.0279688966929739,-293.12320000000005
0.0272549251261776,-321.59040000000005
0.0265409535593813,-346.4992000000001
0.0256390947381649,-373.18720000000013
0.0249627006222526,-395.4272000000001
0.0242487290554562,-415.4432000000001
0.023572334939543898,-435.0144
0.0228959408236316,-455.92000000000013
0.0218061947479951,-478.1600000000001
0.0209043359267787,-495.952
0.019927322203794298,-513.744
0.0190630408334619,-527.0880000000001
0.0179732947578254,-540.432
0.0166956614277688,-558.224
0.0154556055485962,-567.1200000000001
0.0142907045711917,-580.464
0.0129379163393671,-593.8080000000001
0.0113596634022384,-611.6000000000001
0.0098565653668777,-620.4960000000001
0.008391044782400998,-633.84
0.0070758340014604,-638.2880000000001
0.0050090742028395,-651.6320000000001
0.0033180889130587,-660.5280000000001
0.0010972615658132998,-669.4240000000001
-0.00032015988153179996,-678.32
-0.0022696780333945,-687.2160000000001
-0.0044228659690487004,-691.6640000000001
-0.0061890061605975,-696.1120000000001
-0.0073163296871179995,-696.1120000000001
-0.0085939630171746,-696.1120000000001
-0.010735877717563501,-700.5600000000001
-0.0123517081055763,-705.008
-0.013892383591821001,-705.008
-0.015883988488673898,-709.4560000000001
-0.0180634806399469,-718.3520000000001
-0.0194162688717715,-727.248
-0.0212575639650883,-727.248
-0.0231364365092892,-731.6960000000001
-0.0246771119955339,-736.1440000000001
-0.0260299002273585,-740.5920000000001
-0.0277584629680233,-745.0400000000001
-0.029712490413992102,-749.488
-0.0311780109984688,-753.9360000000001
-0.032643531582945494,-758.3840000000001
-0.033695700207698,-762.8320000000001
-0.0348230237342185,-762.8320000000001
-0.035950347260739,-762.8320000000001
-0.0370776707872595,-762.8320000000001
-0.038204994313779994,-762.8320000000001
-0.038580768822620196,-758.3840000000001
-0.038580768822620196,-745.0400000000001
-0.038580768822620196,-731.6960000000001
-0.038204994313779994,-718.3520000000001
-0.038204994313779994,-705.008
-0.038204994313779994,-691.6640000000001
-0.038204994313779994,-678.32
-0.038167416862896,-664.9760000000001
-0.038092261961127895,-651.6320000000001
-0.038054684510243894,-638.2880000000001
-0.0380171070593599,-624.9440000000001
-0.0379419521575919,-611.6000000000001
-0.0378667972558238,-598.2560000000001
-0.0377916423540558,-584.912
-0.0377164874522878,-571.5680000000001
-0.0376413325505197,-558.224
-0.0375661776487517,-544.8800000000001
-0.0374158678452156,-531.5360000000001
-0.037265558041679595,-518.192
-0.037115248238143494,-504.848
-0.0369273609837234,-491.50400000000013
-0.0367770511801874,-478.1600000000001
-0.0366267413766513,-464.8160000000001
-0.0364764315731152,-451.4720000000001
-0.0362885443186951,-440.3520000000001
-0.036100657064274996,-427.00800000000004
-0.035875192358970895,-413.66400000000004
-0.0356873051045509,-400.76480000000004
-0.0354994178501308,-387.42080000000004
-0.0353115305957107,-374.5216000000001
-0.035123643341290596,-361.1776000000001
-0.034898178635986495,-348.27840000000003
-0.034785446283334395,-334.93440000000004
-0.0346727139306824,-321.59040000000005
-0.0345224041271463,-308.24640000000005
-0.0344096717744943,-294.90240000000006
-0.0342593619709582,-282.00320000000005
-0.034146629618306196,-268.65920000000006
-0.033996319814770096,-255.3152
-0.033921164913002094,-241.9712
-0.033808432560349995,-228.6272
-0.033695700207698,-215.28320000000005
-0.033620545305929894,-202.384
-0.0335078129532779,-189.04
-0.0334326580515098,-175.696
-0.0333199256988578,-162.352
-0.0331696158953217,-149.008
-0.0330193060917856,-135.66400000000002
-0.032868996288249595,-122.7648
-0.032718686484713495,-109.42080000000001
-0.0326059541320615,-96.0768
-0.0324556443285254,-82.73280000000001
-0.0323053345249893,-69.8336
-0.0321550247214533,-56.489599999999996
-0.0320422923688012,-43.19008000000001
-0.031929560016149196,-29.89056
-0.031816827663497096,-16.59104
-0.031704095310845,-3.3226560000000003
-0.031591362958193,9.963520000000003
-0.0312907433511209,26.332160000000005
-0.0310652786458168,42.256
-0.030802236489628602,59.603200000000015
-0.0305391943334405,74.28160000000001
-0.0302385747263684,93.8528
-0.0299755325701803,111.2
-0.0296749129631081,132.55040000000002
-0.029223983552499902,156.56960000000004
-0.0289985188471958,179.2544
-0.028585166887471602,199.7152
-0.0282093923786315,220.17600000000002
-0.0276833080662552,242.86080000000004
-0.027119646302995,273.552
-0.0265559845397347,296.23679999999996
-0.0261426325800105,313.584
-0.025578970816750302,336.2688
-0.025052886504374,350.9472
-0.024151027683157602,374.0768
-0.0233994786654773,394.09279999999995
-0.022685507098681,413.664
-0.0218963806301166,434.1248
-0.0210320992597842,451.47200000000004
-0.0200926629876838,469.26399999999995
-0.0189653394611633,487.05600000000004
-0.0176877061311067,509.29600000000005
-0.0166355375063542,527.088
-0.0154330590780657,540.432
-0.013742073788284901,553.7760000000001
-0.012389285556460301,562.672
-0.0110740747755197,571.568
-0.0098340188963471,580.464
-0.0089321600751307,589.36
-0.0077296816468422,593.808
-0.0064144708659016,602.7040000000001
-0.005099260084961,611.6
-0.0034947029322134997,620.496
-0.0017586247013719,624.9440000000001
-0.0004475474400286,633.84
0.0012738755849682,642.736
0.0033556663639427997,647.1840000000001
0.0053472712607957,656.08
0.0068127918452723,660.528
0.0077146506664887,664.976
0.0087668192912412,669.424
0.009743833014225699,669.424
0.0110966212460503,669.424
0.0122239447725708,678.32
0.0132009584955552,682.768
0.014403436923843799,687.216
0.0161695771153926,691.664
0.0174847878963332,696.1120000000001
0.0187248437755057,700.5600000000001
0.0212801104356189,705.008
0.0239481094483841,709.456
0.0263154888540772,713.904
0.0285701359071182,718.3520000000001
0.030373853549550998,727.248
0.032102416290215804,731.696
0.033417627071156406,731.696
0.0349207251065171,736.144
0.0364614005927618,736.144
0.037701456471934305,736.144
0.0384530054896147,736.144
0.0384530054896147,722.8000000000001
0.0380772309807745,709.456
0.0380772309807745,696.1120000000001
0.0380772309807745,682.768
0.0380772309807745,669.424
0.0380772309807745,656.08
0.0380772309807745,642.736
0.037701456471934305,611.6
0.037701456471934305,593.808
0.037701456471934305,571.568
0.037701456471934305,558.224
0.0373256819630942,544.88
0.0373256819630942,531.5360000000001
0.0373256819630942,518.192
0.036949907454254,504.84799999999996
0.036949907454254,491.50399999999996
0.036912330003370006,478.1600000000001
0.0367995976507179,464.81600000000003
0.036686865298065904,451.47200000000004
0.036536555494529804,438.12800000000004
0.0364238231418778,425.6736000000001
0.0363110907892257,412.3296
0.0361983584365737,398.98560000000003
0.0360480486330376,385.64160000000004
0.0359353162803855,372.29760000000005
0.035822583927733506,359.3984
0.0357098515750814,346.0544
0.035559541771545404,332.7104
0.035446809418893305,319.3664
0.0353340770662413,306.0224
0.0352213447135892,293.12320000000005
0.0350710349100532,279.7792
0.0349583025574011,266.4352
0.034845570204749,253.09120000000004
0.034732837852097,239.7472
0.0345825280485609,226.4032
0.034469795695908904,213.504
0.034357063343256805,200.16
0.0342443309906048,186.81600000000003
0.0340940211870687,173.472
0.0339812888344167,160.12800000000001
0.0338685564817646,146.78400000000002
0.0337182466782285,133.8848
0.0336055143255765,120.54080000000002
0.0334927819729244,107.19680000000002
0.033380049620272405,93.8528
0.033229739816736305,80.50880000000002
0.0331170074640843,67.6096
0.0329666976605482,54.265600000000006
0.0328163878570121,40.9216
0.0326660780534761,27.75552
0.03251576824994,14.54496
0.0323654584464039,1.2899200000000004
0.032215148642867904,-11.92064
0.032064838839331804,-25.175680000000003
0.031914529035795704,-38.38624
0.031764219232259604,-51.5968
0.0316139094287236,-64.94080000000001
0.0314635996251875,-77.84
0.0313132898216514,-91.184
0.0311629800181154,-104.52799999999999
0.0310126702145793,-117.87200000000001
0.0308247829601592,-130.7712
0.030674473156623198,-144.11520000000002
0.030524163353087098,-157.4592
0.030373853549550998,-170.3584
0.0301108113933629,-183.70239999999998
0.029885346688058798,-196.6016
0.0296223045318707,-209.50080000000003
0.0293592623756826,-222.4
0.0290962202194944,-235.74400000000003
0.0288331780633063,-248.6432
0.0285701359071182,-261.5424
0.0283446712018141,-274.44160000000005
0.0278937417912059,-297.5712000000001
0.0273300800279456,-319.36640000000006
0.0265409535593813,-343.38560000000007
0.025902136894353,-367.4048
0.0251881653275567,-390.9792000000001
0.0242487290554562,-414.55360000000013
0.0231965604307038,-441.68640000000005
0.0218813496497632,-478.1600000000001
0.0200400545564463,-500.4000000000001
0.0185745339719697,-527.0880000000001
0.0165077741733487,-544.8800000000001
0.0142155496694237,-562.672
0.0123366771252228,-580.464
0.0102699173266019,-598.2560000000001
0.008090425175328899,-616.0480000000001
0.0053848487116797,-633.84
0.0035435536183628,-642.7360000000001
0.0014241853885043,-651.6320000000001
-0.0004915130575629,-660.5280000000001
-0.0025515089150246,-669.4240000000001
-0.0047234855761208,-678.32
-0.0069405551782778,-687.2160000000001
-0.009608554191043001,-696.1120000000001
-0.011712891440548,-700.5600000000001
-0.0142681581006611,-709.4560000000001
-0.0166355375063542,-713.9040000000001
-0.018627142403207102,-722.8000000000001
-0.0203181276929879,-731.6960000000001
-0.022760662000449,-736.1440000000001
-0.0248274217990699,-745.0400000000001
-0.027307533557415102,-749.488
-0.029524603159572102,-758.3840000000001
-0.031779250212613096,-767.2800000000001
-0.0335829678550459,-776.176
-0.0354994178501308,-776.176
-0.036401276671347196,-780.6240000000001
-0.037265558041679595,-780.6240000000001
-0.0376789100014038,-776.176
-0.038092261961127895,-771.7280000000001
-0.038580768822620196,-762.8320000000001
-0.038580768822620196,-753.9360000000001
-0.038580768822620196,-740.5920000000001
-0.038580768822620196,-727.248
-0.038204994313779994,-713.9040000000001
-0.038204994313779994,-700.5600000000001
-0.038204994313779994,-687.2160000000001
-0.038204994313779994,-673.8720000000001
-0.038129839412012,-660.5280000000001
-0.038092261961127895,-647.1840000000001
-0.0380171070593599,-633.84
-0.0379795296084759,-620.4960000000001
-0.0379043747067079,-607.152
-0.0378667972558238,-593.8080000000001
-0.0377916423540558,-580.464
-0.0376413325505197,-567.1200000000001
-0.037491022746983696,-553.7760000000001
-0.037340712943447596,-540.432
-0.037190403139911496,-527.0880000000001
-0.0370400933363755,-513.744
-0.0368897835328394,-500.4000000000001
-0.0367018962784193,-487.05600000000004
-0.0365515864748832,-473.71200000000005
-0.036401276671347196,-464.8160000000001
-0.036250966867811096,-449.24800000000005
-0.036100657064274996,-436.34880000000004
-0.035950347260739,-423.00480000000005
-0.0358000374572029,-409.66080000000005
-0.0356121502027828,-396.7616000000001
-0.0354618403992468,-383.41760000000005
-0.0353115305957107,-370.0736
-0.0351612207921746,-357.17440000000005
-0.034973333537754496,-343.83040000000005
-0.0348230237342185,-330.48640000000006
-0.0346727139306824,-317.14240000000007
-0.0344848266762623,-304.24320000000006
-0.0343345168727262,-290.89920000000006
-0.034184207069190196,-277.55520000000007
-0.034033897265654096,-264.65600000000006
-0.033883587462117996,-242.86079999999998
-0.033733277658582,-215.28320000000005
-0.0334702355023939,-192.15360000000004
-0.0332823482479738,-166.79999999999998
-0.033056883542669696,-145.00480000000002
-0.0327938413864815,-120.98559999999999
-0.032530799230293395,-94.2976
-0.0321926021723373,-71.61280000000001
-0.0320798698196852,-48.972480000000004
-0.0318919825652651,-26.95488
-0.031779250212613096,-5.995904
-0.031553785507309,7.16128
-0.0313658982528889,20.28288
-0.0311780109984688,33.44896
-0.0309901237440487,46.70400000000001
-0.030802236489628602,59.603200000000015
-0.0305767717843245,72.94720000000001
-0.0303888845299045,85.8464
-0.0302009972754844,99.1904
-0.030013110021064302,112.0896
-0.0297876453157602,125.43360000000001
-0.0295997580613401,138.33280000000002
-0.029374293356036002,151.67680000000001
-0.0291864061016159,164.57600000000002
-0.0289609413963118,177.92000000000002
-0.0287730541418917,190.8192
-0.0285475894365876,204.1632
-0.0283597021821675,217.0624
-0.0279087727715593,235.74400000000006
-0.0274202659100671,257.984
-0.0270444914012269,278.88960000000003
-0.0264808296379667,298.46079999999995
-0.0259547453255904,322.48
-0.0251656188570261,348.2784
-0.0244140698393457,368.73920000000004
-0.0235873659198974,389.2
-0.022873394353101,409.6608
-0.0217836482774646,434.1248
-0.02061874730006,455.91999999999996
-0.0191908041664674,482.60799999999995
-0.0177252835819907,509.29600000000005
-0.0164852277028181,527.088
-0.0146439326095013,549.328
-0.0132159894759087,562.672
-0.0115625816370119,580.464
-0.0097964414454631,593.808
-0.0078424139994942,607.152
-0.0061890061605975,616.048
-0.0042725561655126,624.9440000000001
-0.0021494301905656,638.288
0.0003908054891938001,647.1840000000001
0.0028972214631577003,660.528
0.0057230457696358,669.424
0.008165580077096899,678.32
0.011246931049586299,687.216
0.013539155553511399,691.664
0.0164701967224647,696.1120000000001
0.0191757731861139,700.5600000000001
0.0222571241586033,709.456
0.024849968269600498,709.456
0.0269918829699895,713.904
0.029434417277450598,722.8000000000001
0.0311629800181154,731.696
0.0331545849149683,736.144
0.0373256819630942,740.5920000000001
0.0403318780338155,749.488
0.042586525086856605,753.936
0.0452169466487378,762.832
0.0474715937017788,767.2800000000001
0.0493504662459796,771.7280000000001
0.0508535642813403,771.7280000000001
0.052356662316701004,776.176
0.054611309369742005,776.176
0.055738632896262505,776.176
0.0564901819139429,776.176
0.0576175054404634,771.7280000000001
0.057993279949303506,771.7280000000001
0.057993279949303506,758.384
0.0576175054404634,745.0400000000001
0.0576175054404634,731.696
0.0576175054404634,718.3520000000001
0.0576175054404634,705.008
0.0576175054404634,691.664
0.0572417309316232,678.32
0.0572417309316232,664.976
0.0572417309316232,651.6320000000001
0.0572417309316232,638.288
0.0572417309316232,624.9440000000001
0.056865956422783005,611.6
0.056865956422783005,598.2560000000001
0.056865956422783005,584.912
0.056865956422783005,571.568
0.0564901819139429,558.224
0.0564901819139429,544.88
0.0561144074051027,531.5360000000001
0.0561144074051027,518.192
0.0561144074051027,504.84799999999996
0.055738632896262505,491.50399999999996
0.055738632896262505,478.1600000000001
0.055738632896262505,464.81600000000003
0.0553628583874224,451.47200000000004
0.0553628583874224,438.12800000000004
0.0553628583874224,427.00800000000004
0.054987083878582206,413.664
0.054987083878582206,400.32
0.054987083878582206,386.976
0.054611309369742005,374.0768
0.054611309369742005,360.7328
0.0542355348609018,347.3888
0.0542355348609018,334.04479999999995
0.0542355348609018,321.1456
0.053859760352061706,307.8016
0.053859760352061706,294.4576
0.053859760352061706,281.1136
0.053483985843221504,267.7696
0.053483985843221504,254.8704
0.053483985843221504,241.5264
0.0531082113343813,228.1824
0.0531082113343813,214.8384
0.0531082113343813,201.4944
0.052732436825541205,188.5952
0.052732436825541205,175.2512
0.052732436825541205,161.9072
0.052356662316701004,148.56320000000002
0.052356662316701004,135.2192
0.0519808878078608,122.32000000000002
0.0519808878078608,108.976
0.0519808878078608,95.632
0.051605113299020705,82.28800000000001
0.051605113299020705,69.38880000000002
0.051229338790180504,56.04480000000001
0.051229338790180504,42.7008
0.051229338790180504,29.579199999999997
0.0508535642813403,16.324160000000003
0.0508535642813403,3.1136000000000017
0.0508535642813403,-10.110304000000001
0.0504777897725001,-23.352
0.0504777897725001,-36.562560000000005
0.05010201526366,-49.773120000000006
0.05010201526366,-63.16160000000001
0.0497262407548198,-76.0608
0.0497262407548198,-89.40480000000001
0.0493504662459796,-102.304
0.0493504662459796,-115.648
0.0489746917371395,-128.992
0.0489746917371395,-141.8912
0.0485989172282993,-155.2352
0.0485989172282993,-168.1344
0.0482231427194591,-181.4784
0.0482231427194591,-194.8224
0.0482231427194591,-207.72160000000002
0.0474715937017788,-234.40960000000004
0.0470958191929386,-257.98400000000004
0.046720044684098405,-286.00640000000004
0.0459684956664181,-307.3568
0.0452169466487378,-332.26560000000006
0.044465397631057405,-363.4016000000001
0.043713848613377106,-390.5344
0.0429622995956967,-413.2192000000001
0.0418349760691762,-435.4592
0.041083427051495904,-451.4720000000001
0.0399561035249754,-473.71200000000005
0.039204554507295,-491.50400000000013
0.0384530054896147,-509.29600000000005
0.0368371751016019,-531.5360000000001
0.035747429025965505,-549.3280000000001
0.0349958800082851,-553.7760000000001
0.0340188662853007,-567.1200000000001
0.032478190799056006,-580.464
0.0311254025672314,-593.8080000000001
0.0298101917862908,-602.7040000000001
0.0278561643403219,-624.9440000000001
0.0261276015996571,-638.2880000000001
0.024699658466064398,-647.1840000000001
0.0228583633727476,-660.5280000000001
0.0212425329847349,-669.4240000000001
0.0198145898511422,-673.8720000000001
0.0177478300525213,-682.768
0.015643492803016298,-687.2160000000001
0.0139525075132356,-691.6640000000001
0.011547550656658499,-700.5600000000001
0.0094056359562695,-705.008
0.007414031059416601,-709.4560000000001
0.0054600036134477,-718.3520000000001
0.0034683987165948,-722.8000000000001
0.001318968526029,-727.248
-0.00078724759602,-736.1440000000001
-0.0034796719518598,-740.5920000000001
-0.0063393159641334995,-749.488
-0.0090073149768988,-753.9360000000001
-0.011675313989664001,-758.3840000000001
-0.013591763984748801,-758.3840000000001
-0.015733678685137798,-758.3840000000001
-0.0176125512293387,-767.2800000000001
-0.0197544659297276,-771.7280000000001
-0.0220466904336527,-776.176
-0.0246019570937658,-780.6240000000001
-0.027119646302995,-789.5200000000001
-0.02941187080692,-793.9680000000001
-0.031816827663497096,-798.416
-0.033770855109465994,-802.8640000000001
-0.0367018962784193,-811.7600000000001
-0.0389565433314603,-811.7600000000001
-0.0412111903845014,-816.2080000000001
-0.0434658374375424,-816.2080000000001
-0.0449689354729031,-820.6560000000001
-0.0479751315436244,-825.104
-0.050605553105505595,-829.5520000000001
-0.051732876632026095,-834.0000000000001
-0.0532359746673868,-834.0000000000001
-0.0547390727027475,-834.0000000000001
-0.055866396229268,-834.0000000000001
-0.056617945246948395,-834.0000000000001
-0.057369494264628694,-829.5520000000001
-0.057745268773468895,-829.5520000000001
-0.057745268773468895,-816.2080000000001
-0.057745268773468895,-802.8640000000001
-0.057745268773468895,-789.5200000000001
-0.057369494264628694,-776.176
-0.057369494264628694,-762.8320000000001
-0.057369494264628694,-749.488
-0.057369494264628694,-736.1440000000001
-0.057369494264628694,-722.8000000000001
-0.0569937197557885,-709.4560000000001
-0.0569937197557885,-696.1120000000001
-0.0569937197557885,-682.768
-0.0569937197557885,-669.4240000000001
-0.056617945246948395,-656.08
-0.056617945246948395,-642.7360000000001
-0.056617945246948395,-629.392
-0.056617945246948395,-616.0480000000001
-0.056617945246948395,-602.7040000000001
-0.0562421707381082,-589.3600000000001
-0.0562421707381082,-576.0160000000001
-0.0562421707381082,-562.672
-0.055866396229268,-549.3280000000001
-0.055866396229268,-535.984
-0.055866396229268,-522.6400000000001
-0.0554906217204278,-509.29600000000005
-0.0554906217204278,-495.952
-0.0554906217204278,-482.608
-0.0551148472115877,-473.71200000000005
-0.0551148472115877,-460.36800000000005
-0.0547390727027475,-445.2448
-0.0547390727027475,-431.9008
-0.0547390727027475,-418.5568
-0.0543632981939073,-405.2128
-0.0543632981939073,-392.3136
-0.0539875236850672,-378.9696000000001
-0.0539875236850672,-365.6256000000001
-0.0539875236850672,-352.2816000000001
-0.053611749176227,-339.3824
-0.053611749176227,-326.0384
-0.0532359746673868,-312.69440000000003
-0.0532359746673868,-299.35040000000004
-0.0532359746673868,-286.45120000000003
-0.0528602001585467,-273.10720000000003
-0.0528602001585467,-259.7632
-0.0528602001585467,-246.4192
-0.0524844256497065,-233.52
-0.0524844256497065,-220.176
-0.0521086511408663,-206.83200000000005
-0.0521086511408663,-193.48800000000003
-0.0521086511408663,-180.58880000000002
-0.051732876632026095,-167.24480000000003
-0.051732876632026095,-153.9008
-0.051357102123186,-140.5568
-0.051357102123186,-127.6576
-0.051357102123186,-114.3136
-0.050981327614345796,-100.9696
-0.050981327614345796,-87.6256
-0.050981327614345796,-74.72640000000001
-0.050605553105505595,-61.382400000000004
-0.050605553105505595,-48.17184
-0.0502297785966655,-34.96128
-0.0502297785966655,-21.75072
-0.049854004087825296,-8.5624
-0.049854004087825296,4.625919999999999
-0.049478229578985095,17.836479999999998
-0.049478229578985095,31.047040000000006
-0.049478229578985095,44.0352
-0.0491024550701449,57.37920000000001
-0.0491024550701449,70.7232
-0.048726680561304796,83.6224
-0.048726680561304796,96.96640000000002
-0.048350906052464594,110.3104
-0.048350906052464594,123.20960000000002
-0.0479751315436244,136.5536
-0.047599357034784295,168.1344
-0.0468478080171039,212.16960000000003
-0.0460962589994236,247.75360000000003
-0.0453447099817432,285.5616
-0.0442173864552227,327.8176
-0.0430900629287022,369.1840000000001
-0.041586964893341495,405.6576
-0.040459641366820995,438.12800000000004
-0.039332317840300494,464.81600000000003
-0.0378667972558238,487.05600000000004
-0.036363699220463196,513.744
-0.0346727139306824,535.984
-0.032718686484713495,562.672
-0.028885786494543802,589.36
-0.0261802100308945,611.6
-0.0231740139601732,633.84
-0.020205395340335802,647.1840000000001
-0.0179131708364108,660.528
-0.0156961012342538,673.8720000000001
-0.0130656796723726,682.768
-0.0092327796822029,696.1120000000001
-0.0073163296871179995,705.008
-0.0035623423438047,709.456
-0.0006194267003720523,713.904
0.003058804501959,727.248
0.0066624820417363,731.696
0.010532959482789999,731.696
0.013238535946439199,736.144
0.017672675150753298,740.5920000000001
0.0210546457303148,749.488
0.0244366163098763,753.936
0.028006474143857898,762.832
0.0308999378619273,771.7280000000001
0.0338685564817646,776.176
0.036649287847181904,780.624
0.0395803290161352,780.624
0.042586525086856605,785.072
0.044841172139897606,789.5200000000001
0.0485989172282993,793.9680000000001
0.051229338790180504,802.864
0.053483985843221504,802.864
0.055738632896262505,802.864
0.0572417309316232,798.416
0.057993279949303506,793.9680000000001
0.057993279949303506,780.624
0.057993279949303506,767.2800000000001
0.057993279949303506,753.936
0.0576175054404634,740.5920000000001
0.0576175054404634,727.248
0.0576175054404634,713.904
0.0576175054404634,700.5600000000001
0.0576175054404634,687.216
0.0576175054404634,673.8720000000001
0.0576175054404634,660.528
0.0572417309316232,647.1840000000001
0.0572417309316232,633.84
0.0572417309316232,620.496
0.056865956422783005,607.152
0.056865956422783005,593.808
0.056865956422783005,580.464
0.0564901819139429,567.12
0.0564901819139429,553.7760000000001
0.0564901819139429,540.432
0.0561144074051027,527.088
0.0561144074051027,513.744
0.0561144074051027,500.40000000000003
0.055738632896262505,487.05600000000004
0.055738632896262505,473.712
0.055738632896262505,460.368
0.0553628583874224,447.024
0.0553628583874224,434.56960000000004
0.0553628583874224,421.22560000000004
0.054987083878582206,407.88160000000005
0.054987083878582206,394.9824
0.054987083878582206,381.6384
0.054611309369742005,368.2944
0.054611309369742005,354.9504
0.054611309369742005,341.6064
0.0542355348609018,328.70720000000006
0.0542355348609018,315.3632
0.0542355348609018,302.0192
0.053859760352061706,288.6752
0.053859760352061706,275.33119999999997
0.053483985843221504,262.432
0.053483985843221504,249.088
0.053483985843221504,235.74400000000006
0.0531082113343813,222.40000000000003
0.0531082113343813,209.056
0.0531082113343813,196.15680000000003
0.052732436825541205,182.81280000000004
0.052732436825541205,169.46880000000002
0.052732436825541205,156.12480000000002
0.052356662316701004,143.22560000000004
0.052356662316701004,129.88160000000002
0.052356662316701004,116.5376
0.0519808878078608,103.1936
0.0519808878078608,89.84960000000001
0.051605113299020705,76.95040000000002
0.051605113299020705,63.60640000000001
0.051229338790180504,50.262400000000014
0.051229338790180504,37.274240000000006
0.051229338790180504,24.063679999999998
0.0508535642813403,10.8976
0.0508535642813403,-2.3040640000000003
0.0504777897725001,-15.523520000000001
0.0504777897725001,-28.689600000000002
0.05010201526366,-41.90016
0.05010201526366,-55.155199999999994
0.0497262407548198,-68.4992
0.0497262407548198,-81.39840000000001
0.0497262407548198,-94.7424
0.0493504662459796,-108.0864
0.0493504662459796,-120.98559999999999
0.0489746917371395,-134.3296
0.0489746917371395,-147.6736
0.0485989172282993,-160.57280000000003
0.0485989172282993,-173.91680000000002
0.0482231427194591,-187.2608
0.047847368210618905,-209.94560000000004
0.0474715937017788,-235.74400000000003
0.0470958191929386,-258.87360000000007
0.0463442701752583,-290.4544
0.0459684956664181,-310.02560000000005
0.045592721157577905,-328.70720000000006
0.044841172139897606,-352.2816000000001
0.0440896231222172,-377.1904
0.043338074104536904,-396.3168
0.0429622995956967,-407.4368
0.042586525086856605,-424.78400000000005
0.0418349760691762,-442.5760000000001
0.041083427051495904,-455.92000000000013
0.0399561035249754,-473.71200000000005
0.039204554507295,-491.50400000000013
0.0384530054896147,-509.29600000000005
0.0373256819630942,-522.6400000000001
0.036536555494529804,-535.984
0.0351461898118212,-553.7760000000001
0.033192162365852304,-576.0160000000001
0.031350867272535506,-593.8080000000001
0.029885346688058798,-611.6000000000001
0.0286828682597702,-624.9440000000001
0.0268039957155694,-638.2880000000001
0.0254136300328608,-647.1840000000001
0.0239105319975001,-656.08
0.0224074339621394,-669.4240000000001
0.0213176878865029,-673.8720000000001
0.0201527869090984,-682.768
0.0173344780927971,-691.6640000000001
0.015493182999480298,-700.5600000000001
0.013388845749975299,-705.008
0.0112093535987023,-718.3520000000001
0.009105016349197399,-722.8000000000001
0.0069255241979244,-731.6960000000001
0.0047084545957674,-736.1440000000001
0.0026867877382073004,-740.5920000000001
0.000018788725442000034,-749.488
-0.0021080949945932,-753.9360000000001
-0.0041974012637446,-758.3840000000001
-0.0065647806694376,-762.8320000000001
-0.0087818502715946,-762.8320000000001
-0.011111652226403701,-771.7280000000001
-0.013591763984748801,-771.7280000000001
-0.0160342982922099,-776.176
-0.0176125512293387,-780.6240000000001
-0.0189653394611633,-780.6240000000001
-0.0212199865142043,-785.0720000000001
-0.0240382953305056,-789.5200000000001
-0.026368097285314602,-789.5200000000001
-0.0284724345348196,-793.9680000000001
-0.0308773913913967,-802.8640000000001
-0.032831418837365595,-802.8640000000001
-0.035273953144826696,-811.7600000000001
-0.0375661776487517,-811.7600000000001
-0.039708092349140696,-816.2080000000001
-0.0419627394021817,-820.6560000000001
-0.0438416119463826,-820.6560000000001
-0.0468478080171039,-825.104
-0.048726680561304796,-829.5520000000001
-0.050981327614345796,-829.5520000000001
-0.0539875236850672,-834.0000000000001
-0.055866396229268,-834.0000000000001
-0.056617945246948395,-834.0000000000001
-0.057745268773468895,-829.5520000000001
-0.057745268773468895,-829.5520000000001
-0.057745268773468895,-816.2080000000001
-0.057745268773468895,-802.8640000000001
-0.057745268773468895,-789.5200000000001
-0.057369494264628694,-776.176
-0.057369494264628694,-762.8320000000001
-0.057369494264628694,-749.488
-0.057369494264628694,-736.1440000000001
-0.057369494264628694,-722.8000000000001
-0.057369494264628694,-709.4560000000001
-0.0569937197557885,-696.1120000000001
-0.0569937197557885,-682.768
-0.0569937197557885,-669.4240000000001
-0.0569937197557885,-656.08
-0.0569937197557885,-642.7360000000001
-0.056617945246948395,-629.392
-0.056617945246948395,-616.0480000000001
-0.056617945246948395,-602.7040000000001
-0.056617945246948395,-589.3600000000001
-0.056617945246948395,-576.0160000000001
-0.0562421707381082,-562.672
-0.0562421707381082,-549.3280000000001
-0.055866396229268,-535.984
-0.055866396229268,-522.6400000000001
-0.055866396229268,-509.29600000000005
-0.0554906217204278,-495.952
-0.0554906217204278,-482.608
-0.0551148472115877,-473.71200000000005
-0.0551148472115877,-460.36800000000005
-0.0551148472115877,-445.2448
-0.0547390727027475,-431.9008
-0.0547390727027475,-418.5568
-0.0543632981939073,-405.6576
-0.0543632981939073,-392.3136
-0.0543632981939073,-378.9696000000001
-0.0539875236850672,-365.6256000000001
-0.0539875236850672,-352.72640000000007
-0.053611749176227,-339.3824
-0.053611749176227,-326.0384
-0.053611749176227,-313.1392000000001
-0.0532359746673868,-299.7952000000001
-0.0532359746673868,-286.45120000000003
-0.0528602001585467,-273.10720000000003
-0.0528602001585467,-260.208
-0.0528602001585467,-246.864
-0.0524844256497065,-233.52
-0.0524844256497065,-220.176
-0.0521086511408663,-207.2768
-0.0521086511408663,-193.9328
-0.051732876632026095,-180.58880000000002
-0.051732876632026095,-167.24480000000003
-0.051732876632026095,-154.34560000000002
-0.051357102123186,-141.0016
-0.051357102123186,-127.6576
-0.050981327614345796,-114.7584
-0.050981327614345796,-101.41440000000001
-0.050981327614345796,-88.0704
-0.050605553105505595,-74.72640000000001
-0.050605553105505595,-61.827200000000005
-0.0502297785966655,-48.43872
-0.0502297785966655,-35.22816
-0.0502297785966655,-22.017600000000005
-0.049854004087825296,-8.780352
-0.049854004087825296,4.35904
-0.049478229578985095,17.525120000000005
-0.049478229578985095,30.691200000000006
-0.0491024550701449,44.0352
-0.0491024550701449,56.93440000000001
-0.048726680561304796,70.27840000000002
-0.048726680561304796,83.17760000000001
-0.048350906052464594,96.5216
-0.048350906052464594,109.4208
-0.0479751315436244,122.76480000000001
-0.0479751315436244,136.10880000000003
-0.047599357034784295,149.008
-0.047599357034784295,162.352
-0.047223582525944094,175.2512
-0.047223582525944094,188.5952
-0.0468478080171039,201.93920000000006
-0.0468478080171039,214.8384
-0.046472033508263795,227.73760000000004
-0.0460962589994236,240.6368
-0.0460962589994236,253.98080000000002
-0.0457204844905834,266.88
-0.0453447099817432,279.7792
-0.0453447099817432,292.6784
-0.0445931609640629,313.1392
-0.0442173864552227,330.0416
-0.0438416119463826,346.944
-0.0430900629287022,363.40160000000003
-0.042714288419861995,378.08
-0.0423385139110219,396.76160000000004
-0.0412111903845014,428.78720000000004
-0.039708092349140696,451.47200000000004
-0.0389565433314603,469.26399999999995
-0.037265558041679595,495.952
-0.035912769809855,518.192
-0.0345975590289144,535.984
-0.0331696158953217,558.224
-0.0318544051143811,567.12
-0.0299755325701803,584.912
-0.0281718149277474,598.2560000000001
-0.0256165482676343,616.048
-0.0237376757234334,629.392
-0.0219715355318846,638.288
-0.0196793110279596,651.6320000000001
-0.0174622414258026,664.976
-0.0159967208413259,669.424
-0.013817228690052901,678.32
-0.011975933596736101,687.216
-0.0099467512489992,691.664
-0.0080678787047983,696.1120000000001
-0.0054750345938011,700.5600000000001
-0.0036074352848654997,700.5600000000001
-0.0014317008786809,705.008
0.00004885068614930005,705.008
0.0009131320564816,705.008
0.0022959822490135,713.904
0.0034683987165948,718.3520000000001
0.0045581447922313,722.8000000000001
0.0057982006714039,722.8000000000001
0.0078649604700248,722.8000000000001
0.008315889880632999,722.8000000000001
0.008165580077096899,705.008
0.0080528477244449,696.1120000000001
0.007977692822676899,682.768
0.0078649604700248,669.424
0.007677073215604699,651.6320000000001
0.0076394957647207004,633.84
0.007526763412068599,620.496
0.007526763412068599,611.6
0.0080152702735609,629.392
0.008541354585937098,647.1840000000001
0.0090674388983133,664.976
0.0095183683089216,678.32
0.010157184973949799,696.1120000000001
0.0108711565407462,713.904
0.0112845085004704,727.248
0.0117730153619626,740.5920000000001
0.012261522223454798,745.0400000000001
0.0134264232008593,749.488
0.0154556055485962,749.488
0.0177478300525213,753.936
0.0189503084808098,753.936
0.0206788712214746,758.384
0.0225201663147915,762.832
0.026428221206729198,767.2800000000001
0.029584727080986698,771.7280000000001
0.0337934015799966,776.176
0.037701456471934305,785.072
0.041459201560336,789.5200000000001
0.0452169466487378,793.9680000000001
0.0489746917371395,802.864
0.052732436825541205,811.76
0.0564901819139429,816.2080000000001
0.0617510250377052,825.104
0.06550877012610701,825.104
0.0685149661968283,829.552
0.0711453877587095,834
0.0730242603029104,838.4480000000001
0.0752789073559514,838.4480000000001
0.07678200539131211,838.4480000000001
0.0775335544089924,838.4480000000001
0.0775335544089924,825.104
0.0771577799001522,811.76
0.0771577799001522,798.416
0.0771577799001522,785.072
0.07678200539131211,771.7280000000001
0.07678200539131211,758.384
0.07678200539131211,745.0400000000001
0.0764062308824719,731.696
0.0764062308824719,718.3520000000001
0.0764062308824719,705.008
0.0760304563736317,691.664
0.0760304563736317,678.32
0.0760304563736317,664.976
0.0756546818647916,651.6320000000001
0.0756546818647916,638.288
0.0756546818647916,624.9440000000001
0.0752789073559514,611.6
0.0752789073559514,598.2560000000001
0.0752789073559514,584.912
0.0749031328471112,571.568
0.0749031328471112,558.224
0.0749031328471112,544.88
0.074527358338271,531.5360000000001
0.074527358338271,518.192
0.0741515838294309,509.29600000000005
0.0741515838294309,495.952
0.0741515838294309,482.60799999999995
0.0737758093205907,469.26399999999995
0.0737758093205907,455.91999999999996
0.0737758093205907,442.5760000000001
0.0734000348117505,427.45279999999997
0.0734000348117505,414.1088
0.0734000348117505,401.2096000000001
0.0730242603029104,387.86560000000003
0.0730242603029104,374.52160000000003
0.0730242603029104,361.17760000000004
0.0726484857940702,347.83360000000005
0.0726484857940702,334.9344
0.0726484857940702,321.5904
0.07227271128523001,308.2464
0.07227271128523001,294.9024
0.07227271128523001,281.5584
0.0718969367763899,268.6592
0.0718969367763899,255.31520000000003
0.0718969367763899,241.9712
0.0715211622675497,228.62720000000002
0.0715211622675497,215.2832
0.0715211622675497,202.38400000000001
0.0711453877587095,189.04
0.0711453877587095,175.696
0.0711453877587095,162.352
0.0707696132498694,149.008
0.0707696132498694,136.10880000000003
0.0707696132498694,122.76480000000001
0.0703938387410292,109.4208
0.0703938387410292,96.07680000000002
0.07001806423218901,82.73280000000001
0.07001806423218901,69.8336
0.07001806423218901,56.489599999999996
0.06964228972334881,43.1456
0.06964228972334881,29.979520000000004
0.06964228972334881,16.72448
0.0692665152145087,3.4694399999999987
0.0692665152145087,-9.754464
0.0688907407056685,-22.996160000000003
0.0688907407056685,-36.206720000000004
0.0688907407056685,-49.46176
0.0685149661968283,-62.716800000000006
0.0685149661968283,-75.616
0.0681391916879882,-88.96000000000001
0.0681391916879882,-101.8592
0.06776341717914801,-115.2032
0.06776341717914801,-128.5472
0.0673876426703078,-141.4464
0.0673876426703078,-154.7904
0.0670118681614676,-167.6896
0.0670118681614676,-181.03360000000004
0.0666360936526275,-193.9328
0.0662603191437873,-206.83200000000005
0.0662603191437873,-220.176
0.0658845446349471,-233.07520000000002
0.06550877012610701,-245.9744
0.06550877012610701,-258.87360000000007
0.0651329956172668,-272.21760000000006
0.0647572211084266,-285.11680000000007
0.0640056720907463,-316.25280000000004
0.0636298975819061,-338.04800000000006
0.0628783485642258,-362.51200000000006
0.0625025740553856,-383.86240000000004
0.0617510250377052,-405.2128
0.0609994760200249,-422.11520000000013
0.0598721524935044,-444.8
0.0591206034758241,-464.8160000000001
0.0587448289669839,-482.608
0.057993279949303506,-500.4000000000001
0.056865956422783005,-518.192
0.0553628583874224,-540.432
0.053859760352061706,-562.672
0.0519808878078608,-584.912
0.05010201526366,-607.152
0.0485989172282993,-624.9440000000001
0.0463442701752583,-647.1840000000001
0.0440896231222172,-664.9760000000001
0.041083427051495904,-678.32
0.039204554507295,-691.6640000000001
0.036949907454254,-700.5600000000001
0.0342067535397208,-709.4560000000001
0.0318017966831437,-722.8000000000001
0.0296223045318707,-731.6960000000001
0.0271046153226415,-740.5920000000001
0.024849968269600498,-745.0400000000001
0.021618307493575,-758.3840000000001
0.0196642800476062,-762.8320000000001
0.0179732947578254,-767.2800000000001
0.015643492803016298,-767.2800000000001
0.013388845749975299,-771.7280000000001
0.011397240853122399,-776.176
0.008804396742125199,-776.176
0.0059485104749399005,-776.176
0.0034683987165948,-785.0720000000001
0.0017774134268140002,-789.5200000000001
-0.0006523069698955672,-793.9680000000001
-0.0020479710731788,-793.9680000000001
-0.0035623423438047,-793.9680000000001
-0.0059259640044094,-798.416
-0.0089321600751307,-802.8640000000001
-0.0111868071281717,-802.8640000000001
-0.013028102221488602,-807.3120000000001
-0.014756664962153401,-811.7600000000001
-0.0173870865240346,-816.2080000000001
-0.0182513678943669,-825.104
-0.0190404943629313,-825.104
-0.0199423531841477,-825.104
-0.0214078737686244,-829.5520000000001
-0.0232867463128252,-829.5520000000001
-0.025428661013214202,-829.5520000000001
-0.027157223753879002,-834.0000000000001
-0.029449448257804,-834.0000000000001
-0.031816827663497096,-834.0000000000001
-0.034033897265654096,-834.0000000000001
-0.036326121769579195,-838.4480000000001
-0.0389565433314603,-838.4480000000001
-0.041586964893341495,-847.344
-0.0442173864552227,-847.344
-0.0468478080171039,-851.7920000000001
-0.049478229578985095,-851.7920000000001
-0.0524844256497065,-856.2400000000001
-0.0543632981939073,-860.6880000000001
-0.057369494264628694,-865.1360000000001
-0.059624141317669695,-865.1360000000001
-0.0615030138618706,-869.5840000000001
-0.0630061118972312,-869.5840000000001
-0.0652607589502723,-869.5840000000001
-0.06713963149447309,-874.0320000000002
-0.0686427295298338,-878.4800000000001
-0.0705216020740347,-882.9280000000001
-0.0724004746182355,-882.9280000000001
-0.07390357265359619,-887.3760000000001
-0.0750308961801167,-887.3760000000001
-0.07615821970663719,-887.3760000000001
-0.0769097687243176,-887.3760000000001
-0.0772855432331577,-891.8240000000001
-0.0772855432331577,-878.4800000000001
-0.0769097687243176,-865.1360000000001
-0.0769097687243176,-851.7920000000001
-0.0769097687243176,-838.4480000000001
-0.0769097687243176,-825.104
-0.0765339942154774,-811.7600000000001
-0.0765339942154774,-798.416
-0.0765339942154774,-785.0720000000001
-0.0765339942154774,-771.7280000000001
-0.07615821970663719,-758.3840000000001
-0.07615821970663719,-745.0400000000001
-0.07615821970663719,-731.6960000000001
-0.07615821970663719,-718.3520000000001
-0.07578244519779699,-705.008
-0.07578244519779699,-691.6640000000001
-0.07578244519779699,-678.32
-0.0754066706889569,-664.9760000000001
-0.0754066706889569,-651.6320000000001
-0.0754066706889569,-638.2880000000001
-0.0750308961801167,-624.9440000000001
-0.0750308961801167,-611.6000000000001
-0.0750308961801167,-598.2560000000001
-0.0746551216712765,-584.912
-0.0746551216712765,-571.5680000000001
-0.0746551216712765,-558.224
-0.0742793471624364,-544.8800000000001
-0.0742793471624364,-531.5360000000001
-0.0742793471624364,-518.192
-0.07390357265359619,-504.848
-0.07390357265359619,-491.50400000000013
-0.07390357265359619,-478.1600000000001
-0.073527798144756,-464.8160000000001
-0.073527798144756,-451.4720000000001
-0.0731520236359159,-438.57280000000003
-0.0731520236359159,-425.22880000000004
-0.0731520236359159,-412.3296000000001
-0.0727762491270757,-398.9856000000001
-0.0727762491270757,-385.6416000000001
-0.0727762491270757,-372.29760000000005
-0.0724004746182355,-358.95360000000005
-0.0724004746182355,-346.05440000000004
-0.07202470010939539,-332.71040000000005
-0.07202470010939539,-319.36640000000006
-0.07202470010939539,-306.02240000000006
-0.07164892560055519,-293.12320000000005
-0.07164892560055519,-279.77920000000006
-0.07164892560055519,-266.43520000000007
-0.071273151091715,-253.0912
-0.071273151091715,-240.192
-0.0708973765828748,-226.84799999999998
-0.0708973765828748,-213.504
-0.0705216020740347,-200.60479999999998
-0.0705216020740347,-187.2608
-0.0705216020740347,-173.91680000000002
-0.0701458275651945,-161.01760000000002
-0.0701458275651945,-147.6736
-0.0697700530563543,-134.3296
-0.0697700530563543,-120.98559999999999
-0.06939427854751419,-108.0864
-0.06939427854751419,-94.7424
-0.06939427854751419,-81.39840000000001
-0.069018504038674,-68.4992
-0.069018504038674,-55.155199999999994
-0.0686427295298338,-41.85568000000001
-0.0686427295298338,-28.600640000000002
-0.0686427295298338,-15.390080000000001
-0.0682669550209936,-2.13504
-0.0682669550209936,11.120000000000001
-0.0682669550209936,24.37504000000001
-0.0678911805121535,37.63008000000001
-0.0678911805121535,50.7072
-0.0678911805121535,64.05120000000001
-0.0675154060033133,77.3952
-0.0675154060033133,94.7424
-0.06713963149447309,111.6448
-0.066763856985633,134.3296
-0.0663880824767928,153.0112
-0.0660123079679526,172.13760000000002
-0.0656365334591124,193.0432
-0.0652607589502723,210.83520000000001
-0.06488498444143209,226.4032
-0.06450920993259189,247.75360000000003
-0.0641334354237518,267.7696
-0.0633818864060714,294.9024
-0.0626303373883911,323.8144
-0.061878788370710695,347.3888
-0.061127239353030396,377.19039999999995
-0.059999915826509896,404.76800000000003
-0.0592483668088295,429.232
-0.058121043282309,451.47200000000004
-0.0569937197557885,473.712
-0.055866396229268,500.40000000000003
-0.0547390727027475,522.64
-0.0532359746673868,549.328
-0.051357102123186,567.12
-0.049478229578985095,584.912
-0.047599357034784295,598.2560000000001
-0.0457204844905834,616.048
-0.0438416119463826,629.392
-0.0419627394021817,642.736
-0.0400838668579809,651.6320000000001
-0.038204994313779994,664.976
-0.035837614908086894,678.32
-0.0332823482479738,687.216
-0.0305391943334405,696.1120000000001
-0.0275705757136032,705.008
-0.025090463955258,713.904
-0.0229109718039851,718.3520000000001
-0.02061874730006,722.8000000000001
-0.018326522796135,731.696
-0.01622218554663,740.5920000000001
-0.013253566926792701,745.0400000000001
-0.0106983002666795,753.936
-0.0085939630171746,758.384
-0.0065272032185536,762.832
-0.0042387364597170005,762.832
-0.0021945231316265,767.2800000000001
-0.0006253226024157545,771.7280000000001
0.0013490304867362002,771.7280000000001
0.0032805114621747003,776.176
0.0054600036134477,780.624
0.0069631016488084,780.624
0.008391044782400998,780.624
0.0101196075230658,780.624
0.011397240853122399,785.072
0.0132009584955552,785.072
0.0151174084906401,789.5200000000001
0.0166205065260008,789.5200000000001
0.0181236045613615,789.5200000000001
0.01932608298965,793.9680000000001
0.020716448672358598,793.9680000000001
0.0225577437656755,798.416
0.0242863065063403,798.416
0.0261276015996571,798.416
0.0275931221841338,798.416
0.0299605015898268,802.864
0.0316890643304916,807.312
0.034657682950329005,807.312
0.0373256819630942,811.76
0.0399561035249754,816.2080000000001
0.042210750578016404,820.6560000000001
0.0452169466487378,825.104
0.047847368210618905,829.552
0.0504777897725001,829.552
0.053483985843221504,834
0.0572417309316232,838.4480000000001
0.061375250528865104,842.8960000000001
0.0640056720907463,842.8960000000001
0.0666360936526275,847.344
0.06964228972334881,847.344
0.0715211622675497,847.344
0.0726484857940702,851.792
0.0741515838294309,851.792
0.0756546818647916,851.792
0.0760304563736317,851.792
0.07678200539131211,847.344
0.07678200539131211,842.8960000000001
0.0771577799001522,838.4480000000001
0.0771577799001522,825.104
0.0771577799001522,811.76
0.0771577799001522,798.416
0.0771577799001522,785.072
0.0771577799001522,771.7280000000001
0.0771577799001522,758.384
0.0771577799001522,745.0400000000001
0.07678200539131211,731.696
0.07678200539131211,718.3520000000001
0.07678200539131211,705.008
0.07678200539131211,691.664
0.07678200539131211,678.32
0.07678200539131211,664.976
0.0764062308824719,651.6320000000001
0.0764062308824719,642.736
0.0764062308824719,629.392
0.0760304563736317,616.048
0.0760304563736317,602.7040000000001
0.0756546818647916,589.36
0.0756546818647916,576.0160000000001
0.0752789073559514,562.672
0.0752789073559514,549.328
0.0749031328471112,535.984
0.0749031328471112,522.64
0.0749031328471112,509.29600000000005
0.074527358338271,495.952
0.074527358338271,482.60799999999995
0.074527358338271,469.26399999999995
0.0741515838294309,455.91999999999996
0.0741515838294309,442.5760000000001
0.0737758093205907,429.232
0.0737758093205907,415.88800000000003
0.0737758093205907,402.544
0.0734000348117505,389.2
0.0734000348117505,376.3008
0.0734000348117505,362.9568
0.0730242603029104,349.6128
0.0730242603029104,336.2688
0.0730242603029104,323.3696
0.0726484857940702,310.0256
0.0726484857940702,296.6816
0.07227271128523001,283.3376
0.07227271128523001,269.9936
0.07227271128523001,257.0944
0.0718969367763899,243.7504
0.0718969367763899,230.4064
0.0718969367763899,217.0624
0.0715211622675497,203.7184
0.0715211622675497,190.8192
0.0715211622675497,177.4752
0.0711453877587095,164.1312
0.0711453877587095,150.7872
0.0707696132498694,137.888
0.0707696132498694,124.54400000000001
0.0707696132498694,111.2
0.0703938387410292,97.85600000000001
0.0703938387410292,84.512
0.0703938387410292,71.61280000000002
0.07001806423218901,58.26880000000001
0.07001806423218901,44.924800000000005
0.07001806423218901,31.758720000000007
0.06964228972334881,18.548160000000003
0.06964228972334881,5.337600000000002
0.0692665152145087,-7.855168000000001
0.0692665152145087,-21.083520000000007
0.0688907407056685,-34.2496
0.0688907407056685,-47.46016
0.0688907407056685,-60.4928
0.0685149661968283,-73.8368
0.0685149661968283,-87.1808
0.0681391916879882,-100.52480000000001
0.0681391916879882,-113.42399999999999
0.06776341717914801,-126.768
0.06776341717914801,-140.112
0.0673876426703078,-153.0112
0.0673876426703078,-165.9104
0.0670118681614676,-179.2544
0.0670118681614676,-192.15360000000004
0.0666360936526275,-206.3872
0.0662603191437873,-222.4
0.0658845446349471,-239.3024
0.06550877012610701,-259.3184
0.0651329956172668,-279.3344
0.0647572211084266,-295.3472000000001
0.0643814465995864,-306.91200000000003
0.0643814465995864,-318.03200000000004
0.0640056720907463,-330.9312000000001
0.0636298975819061,-346.05440000000004
0.0632541230730659,-359.39840000000004
0.0628783485642258,-373.18720000000013
0.0625025740553856,-392.75840000000005
0.0617510250377052,-409.66080000000005
0.061375250528865104,-424.78400000000005
0.0606237015111847,-438.57280000000003
0.0602479270023446,-451.4720000000001
0.0594963779846642,-460.36800000000005
0.0591206034758241,-473.71200000000005
0.0583690544581437,-482.608
0.057993279949303506,-491.50400000000013
0.0576175054404634,-504.848
0.056865956422783005,-513.744
0.0564901819139429,-522.6400000000001
0.0561144074051027,-535.984
0.0553628583874224,-540.432
0.054611309369742005,-549.3280000000001
0.0531082113343813,-571.5680000000001
0.0519808878078608,-584.912
0.0508535642813403,-598.2560000000001
0.05010201526366,-607.152
0.0493504662459796,-616.0480000000001
0.0485989172282993,-624.9440000000001
0.0474715937017788,-633.84
0.046720044684098405,-642.7360000000001
0.0459684956664181,-651.6320000000001
0.044841172139897606,-656.08
0.043713848613377106,-664.9760000000001
0.042586525086856605,-669.4240000000001
0.0418349760691762,-673.8720000000001
0.0407076525426557,-682.768
0.0395803290161352,-687.2160000000001
0.0380772309807745,-691.6640000000001
0.0373256819630942,-696.1120000000001
0.0364238231418778,-700.5600000000001
0.035296499615357205,-705.008
0.0336806692273445,-713.9040000000001
0.032628500602592,-718.3520000000001
0.0316514868796076,-722.8000000000001
0.0308623604110432,-722.8000000000001
0.0295095721792186,-731.6960000000001
0.028006474143857898,-736.1440000000001
0.0269918829699895,-736.1440000000001
0.0256015172872808,-745.0400000000001
0.0243990388589923,-749.488
0.022144391805951298,-753.9360000000001
0.0209794908285468,-758.3840000000001
0.019363660440534,-762.8320000000001
0.0178981398560574,-767.2800000000001
0.0166205065260008,-771.7280000000001
0.015230140843292099,-776.176
0.0137270428079315,-780.6240000000001
0.0122239447725708,-785.0720000000001
0.0109838888933982,-785.0720000000001
0.0094807908580375,-789.5200000000001
0.0077898055682568005,-789.5200000000001
0.0056854683187518,-793.9680000000001
0.0036187085201309,-793.9680000000001
0.0019164499950849,-798.416
0.00006763941159129998,-802.8640000000001
-0.0015030980353605,-802.8640000000001
-0.0028070355810358998,-802.8640000000001
-0.005174414986729,-802.8640000000001
-0.0064896257676695995,-807.3120000000001
-0.0079175689012623,-807.3120000000001
-0.009458244387507002,-807.3120000000001
-0.011036497324635701,-807.3120000000001
-0.0126899051635324,-807.3120000000001
-0.0142681581006611,-811.7600000000001
-0.0155457914307177,-811.7600000000001
-0.0166355375063542,-811.7600000000001
-0.017650128680222702,-811.7600000000001
-0.019228381617351402,-816.2080000000001
-0.0209193669071322,-816.2080000000001
-0.0223473100407248,-825.104
-0.0237000982725494,-825.104
-0.025052886504374,-829.5520000000001
-0.0265935619906187,-834.0000000000001
-0.0281718149277474,-834.0000000000001
-0.02941187080692,-834.0000000000001
-0.030651926686092602,-834.0000000000001
-0.0326059541320615,-834.0000000000001
-0.034559981578030294,-834.0000000000001
-0.036213389416927096,-838.4480000000001
-0.0380171070593599,-838.4480000000001
-0.039332317840300494,-838.4480000000001
-0.0412111903845014,-842.8960000000001
-0.0430900629287022,-847.344
-0.0449689354729031,-847.344
-0.0468478080171039,-851.7920000000001
-0.0491024550701449,-856.2400000000001
-0.051732876632026095,-856.2400000000001
-0.0539875236850672,-860.6880000000001
-0.0562421707381082,-865.1360000000001
-0.058121043282309,-865.1360000000001
-0.060751464844190195,-865.1360000000001
-0.0633818864060714,-869.5840000000001
-0.0656365334591124,-874.0320000000002
-0.06713963149447309,-878.4800000000001
-0.0686427295298338,-878.4800000000001
-0.0701458275651945,-882.9280000000001
-0.07164892560055519,-882.9280000000001
-0.0731520236359159,-887.3760000000001
-0.0742793471624364,-887.3760000000001
-0.0754066706889569,-887.3760000000001
-0.0765339942154774,-887.3760000000001
-0.0772855432331577,-887.3760000000001
-0.0772855432331577,-874.0320000000002
-0.0769097687243176,-860.6880000000001
-0.0769097687243176,-847.344
-0.0769097687243176,-834.0000000000001
-0.0765339942154774,-820.6560000000001
-0.0765339942154774,-807.3120000000001
-0.0765339942154774,-793.9680000000001
-0.0765339942154774,-780.6240000000001
-0.07615821970663719,-771.7280000000001
-0.07615821970663719,-758.3840000000001
-0.07615821970663719,-745.0400000000001
-0.07615821970663719,-731.6960000000001
-0.07578244519779699,-718.3520000000001
-0.07578244519779699,-705.008
-0.07578244519779699,-691.6640000000001
-0.0754066706889569,-678.32
-0.0754066706889569,-664.9760000000001
-0.0754066706889569,-651.6320000000001
-0.0754066706889569,-638.2880000000001
-0.0750308961801167,-624.9440000000001
-0.0750308961801167,-611.6000000000001
-0.0750308961801167,-598.2560000000001
-0.0746551216712765,-584.912
-0.0746551216712765,-571.5680000000001
-0.0746551216712765,-558.224
-0.0742793471624364,-544.8800000000001
-0.0742793471624364,-531.5360000000001
-0.0742793471624364,-518.192
-0.07390357265359619,-504.848
-0.07390357265359619,-491.50400000000013
-0.07390357265359619,-478.1600000000001
-0.073527798144756,-464.8160000000001
-0.073527798144756,-451.0272000000001
-0.0731520236359159,-437.6832000000001
-0.0731520236359159,-424.78400000000005
-0.0731520236359159,-411.44
-0.0727762491270757,-398.096
-0.0727762491270757,-384.752
-0.0724004746182355,-371.8528
-0.0724004746182355,-358.5088
-0.0724004746182355,-345.1648
-0.07202470010939539,-332.26560000000006
-0.07202470010939539,-318.92160000000007
-0.07164892560055519,-305.5776000000001
-0.07164892560055519,-292.2336000000001
-0.07164892560055519,-279.3344
-0.071273151091715,-265.9904
-0.071273151091715,-252.6464
-0.0708973765828748,-239.3024
-0.0708973765828748,-226.4032
-0.0708973765828748,-213.0592
-0.0705216020740347,-199.7152
-0.0705216020740347,-186.37120000000002
-0.0701458275651945,-173.472
-0.0701458275651945,-160.12800000000001
-0.0701458275651945,-146.78400000000002
-0.0697700530563543,-133.8848
-0.0697700530563543,-120.54080000000002
-0.06939427854751419,-107.1968
-0.06939427854751419,-93.85280000000002
-0.06939427854751419,-80.9536
-0.069018504038674,-67.6096
-0.069018504038674,-54.265600000000006
-0.0686427295298338,-41.09952
-0.0686427295298338,-27.88896
-0.0686427295298338,-14.633920000000002
-0.0682669550209936,-1.4233600000000006
-0.0682669550209936,11.787200000000002
-0.0678911805121535,25.042240000000003
-0.0678911805121535,38.25280000000001
-0.0678911805121535,51.5968
-0.0675154060033133,64.49600000000001
-0.0675154060033133,77.84
-0.06713963149447309,91.184
-0.06713963149447309,104.52800000000002
-0.06713963149447309,117.4272
-0.0663880824767928,146.3392
-0.0660123079679526,173.9168
-0.0656365334591124,198.82560000000004
-0.06488498444143209,228.62720000000002
-0.06450920993259189,249.97760000000002
-0.0641334354237518,268.6592
-0.0633818864060714,291.344
-0.0630061118972312,311.8048
-0.0622545628795509,333.15520000000004
-0.061878788370710695,351.8368
-0.061127239353030396,372.7424
-0.0603756903353501,394.5376
-0.059999915826509896,412.77439999999996
-0.0592483668088295,427.89759999999995
-0.058496817791149194,442.5760000000001
-0.057745268773468895,460.368
-0.0569937197557885,473.712
-0.055866396229268,500.40000000000003
-0.0547390727027475,522.64
-0.053611749176227,540.432
-0.0528602001585467,553.7760000000001
-0.051732876632026095,567.12
-0.050605553105505595,576.0160000000001
-0.048726680561304796,589.36
-0.047599357034784295,598.2560000000001
-0.046472033508263795,611.6
-0.0453447099817432,620.496
-0.0438416119463826,633.84
-0.0423385139110219,642.736
-0.0400838668579809,656.08
-0.0378292198049398,664.976
-0.035875192358970895,673.8720000000001
-0.033883587462117996,682.768
-0.0305767717843245,696.1120000000001
-0.0269317590485749,705.008
-0.0246771119955339,713.904
-0.0224976198442609,718.3520000000001
-0.0204308600456399,722.8000000000001
-0.018288945345251002,731.696
-0.0165979600554702,740.5920000000001
-0.014606355158617301,745.0400000000001
-0.011788046342316,749.488
-0.0097212865436951,753.936
-0.0075042169415381,758.384
-0.0055126120446852,762.832
-0.0032917846974397998,767.2800000000001
0.0016797120545156002,771.7280000000001
0.0057606232205198,780.624
0.0091425938000814,785.072
0.012750029084946999,789.5200000000001
0.015380450646828199,793.9680000000001
0.0178981398560574,798.416
0.0204909839670545,798.416
0.023835377095732,798.416
0.0263154888540772,802.864
0.0291713751212625,802.864
0.0308623604110432,807.312
0.0340188662853007,807.312
0.0373256819630942,811.76
0.0403318780338155,816.2080000000001
0.0429622995956967,820.6560000000001
0.045592721157577905,825.104
0.047847368210618905,829.552
0.0504777897725001,829.552
0.0531082113343813,834
0.054987083878582206,838.4480000000001
0.0576175054404634,838.4480000000001
0.0609994760200249,842.8960000000001
0.0647572211084266,851.792
0.0681391916879882,856.24
0.0715211622675497,856.24
0.074527358338271,860.6880000000001
0.0779093289178326,865.1360000000001
0.0816670740062343,869.5840000000001
0.0842974955681155,878.48
0.0869279171299967,878.48
0.0884310151653574,882.9280000000001
0.0910614367272386,887.3760000000001
0.0936918582891197,891.8240000000001
0.0955707308333206,891.8240000000001
0.0963222798510009,891.8240000000001
0.0966980543598411,887.3760000000001
0.0966980543598411,874.032
0.0963222798510009,860.6880000000001
0.0963222798510009,847.344
0.0963222798510009,834
0.0963222798510009,820.6560000000001
0.0963222798510009,807.312
0.0963222798510009,793.9680000000001
0.0963222798510009,780.624
0.0963222798510009,767.2800000000001
0.0963222798510009,753.936
0.0963222798510009,740.5920000000001
0.0959465053421608,727.248
0.0959465053421608,713.904
0.0959465053421608,700.5600000000001
0.0955707308333206,687.216
0.0955707308333206,673.8720000000001
0.0955707308333206,660.528
0.0951949563244804,647.1840000000001
0.0951949563244804,633.84
0.0951949563244804,620.496
0.09481918181564031,607.152
0.09481918181564031,593.808
0.0944434073068001,580.464
0.0944434073068001,567.12
0.0940676327979599,553.7760000000001
0.0940676327979599,544.88
0.0936918582891197,531.5360000000001
0.0936918582891197,518.192
0.0936918582891197,504.84799999999996
0.0933160837802796,491.50399999999996
0.0933160837802796,478.1600000000001
0.0933160837802796,464.81600000000003
0.0929403092714394,451.47200000000004
0.0929403092714394,436.7936
0.0929403092714394,423.44960000000003
0.0925645347625992,410.10560000000004
0.0925645347625992,396.76160000000004
0.0925645347625992,383.8624
0.0921887602537591,370.5184
0.0921887602537591,357.1744
0.0921887602537591,343.8304
0.0918129857449189,330.4864
0.0918129857449189,317.58720000000005
0.0918129857449189,304.2432
0.0914372112360787,290.8992
0.0914372112360787,277.5552
0.0914372112360787,264.2112
0.0910614367272386,250.8672
0.0910614367272386,237.968
0.0906856622183984,224.624
0.0906856622183984,211.28000000000003
0.0906856622183984,198.3808
0.09030988770955821,185.0368
0.09030988770955821,171.69280000000003
0.08993411320071801,158.79360000000003
0.08993411320071801,145.44960000000003
0.0895583386918779,132.1056
0.0895583386918779,119.2064
0.0895583386918779,105.86240000000002
0.0891825641830377,92.5184
0.0891825641830377,79.6192
0.0888067896741975,66.2752
0.0888067896741975,52.931200000000004
0.0884310151653574,40.03200000000001
0.0884310151653574,26.643520000000006
0.08805524065651721,13.432959999999998
0.08805524065651721,0.22240000000000038
0.08805524065651721,-12.98816
0.08767946614767701,-26.15424
0.08767946614767701,-39.32032000000001
0.0873036916388368,-52.4864
0.0873036916388368,-74.2816
0.0869279171299967,-98.3008
0.0865521426211565,-118.31680000000001
0.0861763681123163,-138.7776
0.08580059360347621,-156.56960000000004
0.085424819094636,-182.36800000000002
0.0850490445857958,-221.0656
0.0846732700769556,-241.08160000000004
0.0839217210592753,-262.87680000000006
0.0835459465504351,-282.44800000000004
0.083170172041595,-302.01920000000007
0.0827943975327548,-322.9248
0.0820428485150745,-342.9408
0.0820428485150745,-354.06080000000003
0.0816670740062343,-371.8528
0.080915524988554,-396.7616000000001
0.0805397504797138,-412.3296000000001
0.0801639759708736,-421.2256000000001
0.0794124269531933,-435.0144
0.07903665244435311,-448.8032000000001
0.0779093289178326,-473.71200000000005
0.0771577799001522,-495.952
0.0756546818647916,-522.6400000000001
0.0749031328471112,-535.984
0.0737758093205907,-553.7760000000001
0.07227271128523001,-571.5680000000001
0.0707696132498694,-593.8080000000001
0.06964228972334881,-607.152
0.0681391916879882,-624.9440000000001
0.0666360936526275,-642.7360000000001
0.0647572211084266,-656.08
0.0625025740553856,-673.8720000000001
0.0606237015111847,-682.768
0.057993279949303506,-696.1120000000001
0.055738632896262505,-709.4560000000001
0.053483985843221504,-718.3520000000001
0.051229338790180504,-731.6960000000001
0.0489746917371395,-736.1440000000001
0.0470958191929386,-740.5920000000001
0.0452169466487378,-749.488
0.0429622995956967,-753.9360000000001
0.041459201560336,-758.3840000000001
0.039204554507295,-762.8320000000001
0.0373256819630942,-767.2800000000001
0.0351461898118212,-771.7280000000001
0.0334552045220404,-776.176
0.0313132898216514,-785.0720000000001
0.0293216849247985,-793.9680000000001
0.0266536859120333,-798.416
0.0240608418010362,-802.8640000000001
0.022294701609487398,-807.3120000000001
0.020378251614402498,-811.7600000000001
0.017710252601637298,-811.7600000000001
0.0158689575083204,-816.2080000000001
0.012674874183178999,-820.6560000000001
0.010683269286326099,-820.6560000000001
0.008165580077096899,-825.104
0.0059485104749399005,-834.0000000000001
0.0032053565604067,-834.0000000000001
0.0006350589199399,-838.4480000000001
-0.0020254246026484,-838.4480000000001
-0.0035811310692467,-838.4480000000001
-0.0057380767499893,-842.8960000000001
-0.0079927238030303,-842.8960000000001
-0.0097964414454631,-842.8960000000001
-0.0113371169317078,-847.344
-0.013742073788284901,-847.344
-0.0159591433904419,-847.344
-0.017650128680222702,-851.7920000000001
-0.0197920433806116,-856.2400000000001
-0.021933958081000602,-856.2400000000001
-0.025428661013214202,-860.6880000000001
-0.0281718149277474,-860.6880000000001
-0.0310652786458168,-865.1360000000001
-0.0335078129532779,-865.1360000000001
-0.035912769809855,-869.5840000000001
-0.037152825689027495,-869.5840000000001
-0.039332317840300494,-869.5840000000001
-0.0419627394021817,-869.5840000000001
-0.0434658374375424,-869.5840000000001
-0.0457204844905834,-874.0320000000002
-0.0479751315436244,-878.4800000000001
-0.0502297785966655,-878.4800000000001
-0.0532359746673868,-882.9280000000001
-0.0554906217204278,-882.9280000000001
-0.057745268773468895,-887.3760000000001
-0.059999915826509896,-891.8240000000001
-0.0622545628795509,-891.8240000000001
-0.0641334354237518,-896.2720000000002
-0.0660123079679526,-896.2720000000002
-0.066763856985633,-896.2720000000002
-0.0678911805121535,-900.7200000000001
-0.06939427854751419,-900.7200000000001
-0.0708973765828748,-905.1680000000001
-0.0724004746182355,-905.1680000000001
-0.0742793471624364,-909.616
-0.0754066706889569,-909.616
-0.0776613177419979,-914.0640000000001
-0.0787886412685184,-914.0640000000001
-0.0814190628303996,-918.5120000000001
-0.0836737098834406,-918.5120000000001
-0.0855525824276415,-922.96
-0.086679905954162,-922.96
-0.08743145497184229,-922.96
-0.088934553007203,-922.96
-0.0904376510425637,-922.96
-0.09194074907792439,-922.96
-0.0930680726044449,-927.408
-0.0945711706398056,-927.408
-0.0956984941663261,-927.408
-0.0968258176928466,-927.408
-0.09645004318400639,-914.0640000000001
-0.09645004318400639,-900.7200000000001
-0.09645004318400639,-887.3760000000001
-0.09645004318400639,-874.0320000000002
-0.09645004318400639,-860.6880000000001
-0.09645004318400639,-847.344
-0.0960742686751663,-834.0000000000001
-0.0960742686751663,-820.6560000000001
-0.0960742686751663,-807.3120000000001
-0.0960742686751663,-793.9680000000001
-0.0960742686751663,-780.6240000000001
-0.0960742686751663,-767.2800000000001
-0.0956984941663261,-753.9360000000001
-0.0956984941663261,-740.5920000000001
-0.0953227196574859,-727.248
-0.0953227196574859,-713.9040000000001
-0.0953227196574859,-700.5600000000001
-0.0949469451486457,-687.2160000000001
-0.0949469451486457,-673.8720000000001
-0.0945711706398056,-660.5280000000001
-0.0945711706398056,-647.1840000000001
-0.0945711706398056,-633.84
-0.09419539613096539,-620.4960000000001
-0.09419539613096539,-607.152
-0.09381962162212519,-593.8080000000001
-0.09381962162212519,-580.464
-0.09381962162212519,-567.1200000000001
-0.0934438471132851,-553.7760000000001
-0.0934438471132851,-544.8800000000001
-0.0930680726044449,-531.5360000000001
-0.0930680726044449,-518.192
-0.0930680726044449,-504.848
-0.0926922980956047,-491.50400000000013
-0.0926922980956047,-478.1600000000001
-0.0926922980956047,-464.8160000000001
-0.09231652358676459,-450.1376000000001
-0.09231652358676459,-436.7936000000001
-0.09231652358676459,-423.4496000000001
-0.09194074907792439,-410.1056000000001
-0.09194074907792439,-397.20640000000003
-0.09194074907792439,-383.86240000000004
-0.0915649745690842,-370.51840000000004
-0.0915649745690842,-357.17440000000005
-0.0915649745690842,-343.83040000000005
-0.091189200060244,-330.48640000000006
-0.091189200060244,-317.58720000000005
-0.091189200060244,-304.24320000000006
-0.0908134255514039,-290.89920000000006
-0.0908134255514039,-277.55520000000007
-0.0908134255514039,-264.2112
-0.0904376510425637,-251.31199999999998
-0.0904376510425637,-237.968
-0.0900618765337235,-224.62400000000002
-0.0900618765337235,-211.7248
-0.08968610202488339,-198.3808
-0.08968610202488339,-185.03680000000003
-0.08968610202488339,-172.13760000000002
-0.0893103275160432,-158.79360000000003
-0.0893103275160432,-145.4496
-0.088934553007203,-132.1056
-0.088934553007203,-119.20640000000002
-0.0885587784983628,-105.8624
-0.0885587784983628,-92.51840000000001
-0.0885587784983628,-79.61919999999999
-0.0881830039895227,-66.27520000000001
-0.0881830039895227,-52.931200000000004
-0.0878072294806825,-39.85408000000001
-0.0878072294806825,-26.599040000000006
-0.0878072294806825,-13.388480000000001
-0.08743145497184229,-0.13344000000000023
-0.08743145497184229,13.03264
-0.0870556804630022,26.243200000000005
-0.0870556804630022,39.58720000000001
-0.086679905954162,52.4864
-0.086679905954162,65.83040000000001
-0.0863041314453218,79.17440000000002
-0.0863041314453218,92.0736
-0.0863041314453218,105.41760000000001
-0.0855525824276415,127.21280000000002
-0.08517680791880129,148.1184
-0.08480103340996109,174.36160000000004
-0.0840494843922808,201.4944
-0.0836737098834406,225.06880000000004
-0.08329793537460049,248.1984
-0.0825463863569201,278.4448
-0.08217061184808,301.12960000000004
-0.0814190628303996,322.48
-0.08066751381271929,351.392
-0.0799159647950389,372.29760000000005
-0.0795401902861988,395.87199999999996
-0.0787886412685184,414.1088
-0.0780370922508381,432.34560000000005
-0.0772855432331577,447.024
-0.0765339942154774,464.81600000000003
-0.07578244519779699,482.60799999999995
-0.0746551216712765,500.40000000000003
-0.07390357265359619,518.192
-0.0727762491270757,535.984
-0.07202470010939539,549.328
-0.0708973765828748,562.672
-0.0697700530563543,576.0160000000001
-0.0682669550209936,589.36
-0.0675154060033133,602.7040000000001
-0.0663880824767928,611.6
-0.0652607589502723,624.9440000000001
-0.0641334354237518,633.84
-0.0626303373883911,642.736
-0.061127239353030396,651.6320000000001
-0.059624141317669695,664.976
-0.057369494264628694,678.32
-0.0554906217204278,687.216
-0.053611749176227,696.1120000000001
-0.050981327614345796,705.008
-0.0491024550701449,713.904
-0.047223582525944094,718.3520000000001
-0.0457204844905834,722.8000000000001
-0.0442173864552227,727.248
-0.042714288419861995,731.696
-0.0412111903845014,736.144
-0.039332317840300494,745.0400000000001
-0.0366267413766513,749.488
-0.0345975590289144,753.936
-0.031816827663497096,758.384
-0.0295621806104561,758.384
-0.027006913950342902,767.2800000000001
-0.0253535061114462,767.2800000000001
-0.023512211018129302,771.7280000000001
-0.0214830286703924,780.624
-0.0188526071085112,789.5200000000001
-0.0155082139798337,798.416
-0.0125020179091123,798.416
-0.0088570051733627,802.864
-0.0059259640044094,802.864
-0.0028709172475388,807.312
0.00015030980353610002,811.76
0.0034683987165948,811.76
0.006023665376708,816.2080000000001
0.0092929036036175,820.6560000000001
0.013388845749975299,825.104
0.017033858485725,825.104
0.0197018574984902,825.104
0.0218061947479951,829.552
0.0244366163098763,829.552
0.0268791506173374,829.552
0.0292089525721465,834
0.0315387545269555,834
0.0340940211870687,834
0.036386245690993704,838.4480000000001
0.0395803290161352,842.8960000000001
0.043338074104536904,847.344
0.047847368210618905,851.792
0.051605113299020705,851.792
0.0542355348609018,856.24
0.0561144074051027,856.24
0.0583690544581437,860.6880000000001
0.0609994760200249,860.6880000000001
0.0636298975819061,860.6880000000001
0.06550877012610701,860.6880000000001
0.06776341717914801,865.1360000000001
0.06964228972334881,869.5840000000001
0.0730242603029104,874.032
0.0764062308824719,874.032
0.0797882014620334,882.9280000000001
0.0835459465504351,882.9280000000001
0.0861763681123163,882.9280000000001
0.09030988770955821,887.3760000000001
0.0929403092714394,891.8240000000001
0.09481918181564031,891.8240000000001
0.0963222798510009,896.2719999999999
0.0966980543598411,896.2719999999999
0.0966980543598411,882.9280000000001
0.0966980543598411,869.5840000000001
0.0966980543598411,856.24
0.0963222798510009,842.8960000000001
0.0963222798510009,829.552
0.0963222798510009,816.2080000000001
0.0963222798510009,802.864
0.0963222798510009,789.5200000000001
0.0963222798510009,776.176
0.0963222798510009,762.832
0.0963222798510009,749.488
0.0959465053421608,736.144
0.0959465053421608,722.8000000000001
0.0959465053421608,709.456
0.0955707308333206,696.1120000000001
0.0955707308333206,682.768
0.0951949563244804,669.424
0.0951949563244804,656.08
0.0951949563244804,642.736
0.09481918181564031,629.392
0.09481918181564031,616.048
0.0944434073068001,602.7040000000001
0.0944434073068001,589.36
0.0944434073068001,576.0160000000001
0.0940676327979599,562.672
0.0940676327979599,549.328
0.0936918582891197,535.984
0.0936918582891197,522.64
0.0936918582891197,509.29600000000005
0.0936918582891197,495.952
0.0933160837802796,482.60799999999995
0.0933160837802796,469.26399999999995
0.0933160837802796,455.91999999999996
0.0929403092714394,442.5760000000001
0.0929403092714394,430.5664
0.0929403092714394,417.66720000000004
0.0925645347625992,404.32320000000004
0.0925645347625992,390.97920000000005
0.0921887602537591,377.63520000000005
0.0921887602537591,364.29120000000006
0.0921887602537591,351.392
0.0918129857449189,338.048
0.0918129857449189,324.704
0.0914372112360787,311.36
0.0914372112360787,298.46079999999995
0.0914372112360787,285.11679999999996
0.0910614367272386,271.7728
0.0910614367272386,258.4288
0.0910614367272386,245.52960000000004
0.0906856622183984,232.18560000000005
0.0906856622183984,218.84160000000006
0.09030988770955821,205.49760000000003
0.09030988770955821,192.5984
0.09030988770955821,179.2544
0.08993411320071801,165.9104
0.08993411320071801,152.56640000000002
0.08993411320071801,139.6672
0.0895583386918779,126.32320000000001
0.0895583386918779,112.9792
0.0891825641830377,99.6352
0.0891825641830377,86.2912
0.0891825641830377,73.39200000000001
0.0888067896741975,60.048
0.0888067896741975,46.70400000000001
0.0888067896741975,33.53792
0.0884310151653574,20.327360000000002
0.0884310151653574,7.0723199999999995
0.08805524065651721,-6.156032000000001
0.08805524065651721,-19.259840000000004
0.08767946614767701,-32.381440000000005
0.08767946614767701,-45.50304000000001
0.0873036916388368,-63.16160000000001
0.0873036916388368,-78.2848
0.0869279171299967,-93.408
0.0869279171299967,-105.8624
0.0865521426211565,-122.7648
0.0861763681123163,-145.4496
0.08580059360347621,-163.24160000000003
0.085424819094636,-182.36800000000002
0.0850490445857958,-199.2704
0.0850490445857958,-213.504
0.0846732700769556,-226.84799999999998
0.0846732700769556,-243.30560000000003
0.0842974955681155,-252.6464
0.0842974955681155,-261.5424
0.0839217210592753,-272.21760000000006
0.0835459465504351,-287.78560000000004
0.083170172041595,-302.90880000000004
0.0827943975327548,-316.6976000000001
0.0824186230239146,-336.71360000000004
0.0820428485150745,-351.83680000000004
0.0816670740062343,-362.06720000000007
0.08129129949739411,-374.5216000000001
0.080915524988554,-387.8656000000001
0.080915524988554,-398.9856000000001
0.0805397504797138,-410.5504
0.0801639759708736,-422.11520000000013
0.0794124269531933,-433.68
0.0794124269531933,-443.46560000000005
0.07903665244435311,-451.4720000000001
0.07866087793551291,-464.8160000000001
0.0782851034266728,-469.264
0.0779093289178326,-478.1600000000001
0.0775335544089924,-487.05600000000004
0.0771577799001522,-495.952
0.07678200539131211,-500.4000000000001
0.0764062308824719,-509.29600000000005
0.0756546818647916,-522.6400000000001
0.0749031328471112,-535.984
0.0737758093205907,-553.7760000000001
0.0726484857940702,-567.1200000000001
0.0718969367763899,-580.464
0.0711453877587095,-589.3600000000001
0.0703938387410292,-602.7040000000001
0.06964228972334881,-611.6000000000001
0.0688907407056685,-620.4960000000001
0.06776341717914801,-629.392
0.0670118681614676,-638.2880000000001
0.0662603191437873,-647.1840000000001
0.06550877012610701,-651.6320000000001
0.0643814465995864,-656.08
0.0628783485642258,-673.8720000000001
0.0609994760200249,-682.768
0.0591206034758241,-691.6640000000001
0.0576175054404634,-700.5600000000001
0.0561144074051027,-709.4560000000001
0.053483985843221504,-722.8000000000001
0.052356662316701004,-731.6960000000001
0.0504777897725001,-736.1440000000001
0.0493504662459796,-745.0400000000001
0.0474715937017788,-749.488
0.0463442701752583,-758.3840000000001
0.044465397631057405,-762.8320000000001
0.0429622995956967,-767.2800000000001
0.041459201560336,-771.7280000000001
0.0403318780338155,-776.176
0.0395803290161352,-776.176
0.0384530054896147,-780.6240000000001
0.036949907454254,-785.0720000000001
0.0361607809856896,-785.0720000000001
0.034807992753865,-789.5200000000001
0.0336806692273445,-789.5200000000001
0.0315387545269555,-793.9680000000001
0.0285701359071182,-802.8640000000001
0.0263530663049612,-802.8640000000001
0.0247748133678325,-807.3120000000001
0.0227832084709796,-816.2080000000001
0.0207916035741267,-816.2080000000001
0.0189503084808098,-816.2080000000001
0.0175223653472172,-816.2080000000001
0.015493182999480298,-820.6560000000001
0.013464000651743298,-825.104
0.0121487898708027,-825.104
0.010796001638978099,-829.5520000000001
0.008804396742125199,-829.5520000000001
0.007263721255880501,-834.0000000000001
0.0050842291046075,-834.0000000000001
0.0034683987165948,-838.4480000000001
0.0012964220554985998,-838.4480000000001
-0.00030249847961629997,-838.4480000000001
-0.0027281229341794997,-842.8960000000001
-0.005061682634077,-842.8960000000001
-0.0075417943924221,-847.344
-0.0093455120348549,-847.344
-0.0114498492843599,-847.344
-0.013028102221488602,-851.7920000000001
-0.014982129667457501,-851.7920000000001
-0.0175373963275706,-856.2400000000001
-0.0193411139700034,-860.6880000000001
-0.021295141415972302,-860.6880000000001
-0.023061281607521102,-860.6880000000001
-0.0245643796428818,-865.1360000000001
-0.0264808296379667,-865.1360000000001
-0.0291864061016159,-865.1360000000001
-0.0309901237440487,-865.1360000000001
-0.0331696158953217,-869.5840000000001
-0.035010910988638594,-869.5840000000001
-0.036363699220463196,-874.0320000000002
-0.038204994313779994,-874.0320000000002
-0.0412111903845014,-878.4800000000001
-0.0442173864552227,-882.9280000000001
-0.047223582525944094,-887.3760000000001
-0.0502297785966655,-887.3760000000001
-0.0524844256497065,-891.8240000000001
-0.0551148472115877,-891.8240000000001
-0.0569937197557885,-896.2720000000002
-0.0592483668088295,-900.7200000000001
-0.0615030138618706,-900.7200000000001
-0.0637576609149116,-905.1680000000001
-0.06713963149447309,-909.616
-0.0701458275651945,-914.0640000000001
-0.07202470010939539,-914.0640000000001
-0.07390357265359619,-918.5120000000001
-0.0765339942154774,-918.5120000000001
-0.0787886412685184,-922.96
-0.0810432883215594,-922.96
-0.08292216086576029,-922.96
-0.08517680791880129,-927.408
-0.0870556804630022,-927.408
-0.0893103275160432,-927.408
-0.0908134255514039,-931.856
-0.0930680726044449,-931.856
-0.0945711706398056,-931.856
-0.0956984941663261,-931.856
-0.09645004318400639,-931.856
-0.09645004318400639,-918.5120000000001
-0.09645004318400639,-905.1680000000001
-0.09645004318400639,-891.8240000000001
-0.09645004318400639,-878.4800000000001
-0.09645004318400639,-865.1360000000001
-0.09645004318400639,-851.7920000000001
-0.0960742686751663,-838.4480000000001
-0.0960742686751663,-825.104
-0.0960742686751663,-811.7600000000001
-0.0960742686751663,-798.416
-0.0960742686751663,-785.0720000000001
-0.0956984941663261,-771.7280000000001
-0.0956984941663261,-758.3840000000001
-0.0953227196574859,-745.0400000000001
-0.0953227196574859,-731.6960000000001
-0.0953227196574859,-718.3520000000001
-0.0949469451486457,-705.008
-0.0949469451486457,-691.6640000000001
-0.0949469451486457,-678.32
-0.0945711706398056,-664.9760000000001
-0.0945711706398056,-651.6320000000001
-0.0945711706398056,-638.2880000000001
-0.09419539613096539,-624.9440000000001
-0.09419539613096539,-611.6000000000001
-0.09381962162212519,-598.2560000000001
-0.09381962162212519,-584.912
-0.09381962162212519,-571.5680000000001
-0.0934438471132851,-558.224
-0.0934438471132851,-544.8800000000001
-0.0934438471132851,-531.5360000000001
-0.0930680726044449,-518.192
-0.0930680726044449,-504.848
-0.0930680726044449,-491.50400000000013
-0.0926922980956047,-478.1600000000001
-0.0926922980956047,-464.8160000000001
-0.09231652358676459,-451.4720000000001
-0.09231652358676459,-439.9072000000001
-0.09231652358676459,-426.5632000000001
-0.09194074907792439,-413.2192000000001
-0.09194074907792439,-400.32000000000005
-0.09194074907792439,-386.976
-0.0915649745690842,-373.632
-0.0915649745690842,-360.28800000000007
-0.0915649745690842,-346.9440000000001
-0.091189200060244,-334.0448
-0.091189200060244,-320.7008
-0.0908134255514039,-307.3568
-0.0908134255514039,-294.0128
-0.0908134255514039,-281.1136000000001
-0.0904376510425637,-267.7696000000001
-0.0904376510425637,-254.42560000000003
-0.0904376510425637,-241.08160000000004
-0.0900618765337235,-227.73760000000004
-0.0900618765337235,-214.8384
-0.08968610202488339,-201.49439999999998
-0.08968610202488339,-188.1504
-0.08968610202488339,-175.25119999999998
-0.0893103275160432,-161.90720000000002
-0.0893103275160432,-148.5632
-0.088934553007203,-135.2192
-0.088934553007203,-122.32
-0.088934553007203,-108.976
-0.0885587784983628,-95.632
-0.0885587784983628,-82.28800000000001
-0.0881830039895227,-69.3888
-0.0881830039895227,-56.04480000000001
-0.0881830039895227,-42.78976
-0.0878072294806825,-29.579200000000004
-0.0878072294806825,-16.32416
-0.08743145497184229,-3.118048
-0.08743145497184229,10.05248
-0.0870556804630022,23.21856
-0.0870556804630022,36.384640000000005
-0.086679905954162,49.3728
-0.086679905954162,62.716800000000006
-0.086679905954162,76.06080000000001
-0.0863041314453218,88.96000000000001
-0.0863041314453218,102.304
-0.0859283569364816,115.648
-0.0855525824276415,137.888
-0.08480103340996109,165.46560000000002
-0.084425258901121,195.712
-0.0836737098834406,225.06880000000004
-0.08292216086576029,252.2016
-0.0825463863569201,284.672
-0.0817948373392398,306.0224
-0.0810432883215594,336.71360000000004
-0.0802917393038791,363.40160000000003
-0.0791644157773586,398.98560000000003
-0.0784128667596782,427.00800000000004
-0.0772855432331577,455.91999999999996
-0.07615821970663719,473.712
-0.0754066706889569,491.50399999999996
-0.0742793471624364,513.744
-0.073527798144756,527.088
-0.0724004746182355,544.88
-0.071273151091715,562.672
-0.0697700530563543,571.568
-0.0682669550209936,589.36
-0.0656365334591124,624.9440000000001
-0.0633818864060714,638.288
-0.0615030138618706,656.08
-0.058872592299989396,669.424
-0.055866396229268,687.216
-0.0532359746673868,696.1120000000001
-0.0502297785966655,709.456
-0.047223582525944094,718.3520000000001
-0.0453447099817432,731.696
-0.0438416119463826,736.144
-0.040835415875661196,740.5920000000001
-0.0389565433314603,745.0400000000001
-0.0365891639257673,753.936
-0.033808432560349995,758.384
-0.0310652786458168,767.2800000000001
-0.02941187080692,771.7280000000001
-0.027157223753879002,776.176
-0.0246019570937658,780.624
-0.0221594227863047,785.072
-0.0200175080859157,785.072
-0.0172367767204985,793.9680000000001
-0.0132159894759087,798.416
-0.0098340188963471,802.864
-0.0063017385132495,807.312
-0.0028370975417432,807.312
0.0015820106822172003,816.2080000000001
0.0046332996939993,816.2080000000001
0.007338876157648599,820.6560000000001
0.010683269286326099,820.6560000000001
0.013050648692019199,825.104
0.0166580839768848,825.104
0.0197018574984902,829.552
0.0228959408236316,829.552
0.0256015172872808,829.552
0.028307093750930098,834
0.0318769515849117,838.4480000000001
0.0345825280485609,838.4480000000001
0.036949907454254,842.8960000000001
0.039204554507295,847.344
0.042210750578016404,847.344
0.044841172139897606,851.792
0.0482231427194591,851.792
0.054611309369742005,856.24
0.0572417309316232,860.6880000000001
0.0621267995465454,865.1360000000001
0.0662603191437873,865.1360000000001
0.06964228972334881,869.5840000000001
0.0730242603029104,874.032
0.0756546818647916,878.48
0.07866087793551291,882.9280000000001
0.08129129949739411,882.9280000000001
0.0842974955681155,882.9280000000001
0.08805524065651721,882.9280000000001
0.0918129857449189,882.9280000000001
0.09481918181564031,882.9280000000001
0.0978253778863616,882.9280000000001
0.10158312297476331,887.3760000000001
0.1045893190454847,887.3760000000001
0.107595515116206,887.3760000000001
0.11022593667808721,882.9280000000001
0.1124805837311283,887.3760000000001
0.113983681766489,882.9280000000001
0.1147352307841693,882.9280000000001
0.1154867798018496,882.9280000000001
0.1158625543106898,878.48
0.1158625543106898,865.1360000000001
0.1158625543106898,851.792
0.1158625543106898,838.4480000000001
0.1154867798018496,825.104
0.1154867798018496,811.76
0.1154867798018496,798.416
0.1154867798018496,785.072
0.1154867798018496,771.7280000000001
0.1154867798018496,758.384
0.11511100529300951,745.0400000000001
0.11511100529300951,731.696
0.11511100529300951,718.3520000000001
0.11511100529300951,705.008
0.11511100529300951,691.664
0.1147352307841693,678.32
0.1147352307841693,664.976
0.1147352307841693,651.6320000000001
0.1143594562753291,638.288
0.1143594562753291,624.9440000000001
0.113983681766489,611.6
0.113983681766489,598.2560000000001
0.113983681766489,584.912
0.1136079072576488,576.0160000000001
0.1136079072576488,562.672
0.1136079072576488,549.328
0.1132321327488086,535.984
0.1132321327488086,522.64
0.1128563582399684,509.29600000000005
0.1128563582399684,495.952
0.1128563582399684,482.60799999999995
0.1124805837311283,469.26399999999995
0.1124805837311283,455.91999999999996
0.1121048092222881,442.5760000000001
0.1121048092222881,428.3424
0.1121048092222881,414.99839999999995
0.1117290347134479,401.65439999999995
0.1117290347134479,388.75520000000006
0.1117290347134479,375.41119999999995
0.1113532602046078,362.06719999999996
0.1113532602046078,348.7232
0.1113532602046078,335.824
0.1109774856957676,322.48
0.1109774856957676,309.136
0.11060171118692741,295.79200000000003
0.11060171118692741,282.448
0.11060171118692741,269.5488
0.11022593667808721,256.2048
0.11022593667808721,242.86080000000004
0.11022593667808721,229.5168
0.1098501621692471,216.61760000000004
0.1098501621692471,203.27360000000004
0.1094743876604069,189.9296
0.1094743876604069,177.03040000000001
0.1090986131515667,163.6864
0.1090986131515667,150.3424
0.1087228386427266,137.44320000000002
0.1087228386427266,124.0992
0.10834706413388641,111.2
0.10834706413388641,97.85600000000001
0.10797128962504621,84.9568
0.10797128962504621,71.61280000000002
0.107595515116206,58.7136
0.107595515116206,45.369600000000005
0.1072197406073659,32.29248
0.1072197406073659,19.1264
0.1068439660985257,6.004800000000001
0.1068439660985257,-7.196864000000001
0.1064681915896855,-20.41632
0.1064681915896855,-33.58240000000001
0.10609241708084541,-46.792959999999994
0.1064681915896855,-60.9376
0.10609241708084541,-82.73280000000001
0.1057166425720052,-96.0768
0.1057166425720052,-108.976
0.105340868063165,-122.32
0.105340868063165,-135.2192
0.1049650935543249,-148.5632
0.1049650935543249,-161.4624
0.1045893190454847,-174.8064
0.1042135445366445,-187.70560000000003
0.1042135445366445,-201.04960000000003
0.10383777002780441,-213.94880000000003
0.10383777002780441,-227.29280000000003
0.1034619955189642,-252.6464
0.103086221010124,-266.43520000000007
0.1027104465012838,-284.22720000000004
0.1023346719924437,-295.79200000000003
0.1019588974836035,-312.24960000000004
0.10158312297476331,-329.59680000000003
0.100831573957083,-358.95360000000005
0.1004557994482428,-381.1936
0.0997042504305625,-404.7680000000001
0.09895270141288211,-423.89440000000013
0.0982011523952018,-439.9072000000001
0.0978253778863616,-451.4720000000001
0.0974496033775215,-469.264
0.0966980543598411,-478.1600000000001
0.0959465053421608,-491.50400000000013
0.0955707308333206,-500.4000000000001
0.09481918181564031,-513.744
0.0940676327979599,-527.0880000000001
0.0933160837802796,-535.984
0.0929403092714394,-549.3280000000001
0.0921887602537591,-562.672
0.0906856622183984,-580.464
0.0895583386918779,-593.8080000000001
0.0888067896741975,-607.152
0.08767946614767701,-616.0480000000001
0.0873036916388368,-624.9440000000001
0.0861763681123163,-638.2880000000001
0.0850490445857958,-647.1840000000001
0.0835459465504351,-656.08
0.0827943975327548,-664.9760000000001
0.0816670740062343,-673.8720000000001
0.080915524988554,-682.768
0.0797882014620334,-687.2160000000001
0.07903665244435311,-691.6640000000001
0.0782851034266728,-696.1120000000001
0.0775335544089924,-705.008
0.0760304563736317,-713.9040000000001
0.074527358338271,-718.3520000000001
0.0730242603029104,-727.248
0.0715211622675497,-736.1440000000001
0.07001806423218901,-740.5920000000001
0.0688907407056685,-749.488
0.06776341717914801,-753.9360000000001
0.0666360936526275,-758.3840000000001
0.0658845446349471,-758.3840000000001
0.0643814465995864,-762.8320000000001
0.0632541230730659,-767.2800000000001
0.0617510250377052,-771.7280000000001
0.0598721524935044,-776.176
0.057993279949303506,-785.0720000000001
0.0561144074051027,-789.5200000000001
0.0542355348609018,-793.9680000000001
0.052732436825541205,-798.416
0.051605113299020705,-798.416
0.05010201526366,-802.8640000000001
0.0485989172282993,-807.3120000000001
0.0470958191929386,-807.3120000000001
0.044841172139897606,-811.7600000000001
0.0440896231222172,-816.2080000000001
0.042586525086856605,-816.2080000000001
0.041459201560336,-820.6560000000001
0.0407076525426557,-820.6560000000001
0.0395803290161352,-825.104
0.0384530054896147,-825.104
0.0373256819630942,-825.104
0.0361983584365737,-825.104
0.0348831476556331,-829.5520000000001
0.0340564437361847,-829.5520000000001
0.03251576824994,-829.5520000000001
0.031200557468999402,-834.0000000000001
0.0301108113933629,-834.0000000000001
0.029284107473914498,-838.4480000000001
0.028006474143857898,-838.4480000000001
0.0270294604208735,-842.8960000000001
0.025902136894353,-842.8960000000001
0.0243238839572243,-847.344
0.023083828078051698,-847.344
0.021618307493575,-851.7920000000001
0.020227941810866398,-851.7920000000001
0.0190630408334619,-851.7920000000001
0.0177478300525213,-851.7920000000001
0.015380450646828199,-856.2400000000001
0.0142907045711917,-856.2400000000001
0.013050648692019199,-856.2400000000001
0.0119233251654986,-856.2400000000001
0.0109838888933982,-856.2400000000001
0.0097814104651097,-860.6880000000001
0.0086165094877051,-860.6880000000001
0.007564340862952701,-860.6880000000001
0.0062867075328961,-865.1360000000001
0.0049339193010715,-865.1360000000001
0.003806595774551,-865.1360000000001
0.0023598639155163,-865.1360000000001
0.0015143712706259002,-865.1360000000001
-0.0005910181475037354,-869.5840000000001
-0.0023523484253393,-869.5840000000001
-0.0043589843025458,-874.0320000000002
-0.0067526679238577,-874.0320000000002
-0.009570976740159,-874.0320000000002
-0.0108486100702156,-874.0320000000002
-0.0121638208511562,-874.0320000000002
-0.0132911443776767,-874.0320000000002
-0.014982129667457501,-878.4800000000001
-0.0166355375063542,-878.4800000000001
-0.0182137904434829,-878.4800000000001
-0.0196793110279596,-878.4800000000001
-0.0209193669071322,-882.9280000000001
-0.0224600423933769,-882.9280000000001
-0.024301337486693702,-882.9280000000001
-0.0258044355220544,-887.3760000000001
-0.027495420811835102,-887.3760000000001
-0.0291864061016159,-891.8240000000001
-0.0305391943334405,-891.8240000000001
-0.0323804894267574,-891.8240000000001
-0.033846010011233996,-891.8240000000001
-0.035010910988638594,-896.2720000000002
-0.037340712943447596,-896.2720000000002
-0.039708092349140696,-900.7200000000001
-0.0419627394021817,-900.7200000000001
-0.0438416119463826,-905.1680000000001
-0.046472033508263795,-905.1680000000001
-0.048350906052464594,-905.1680000000001
-0.049478229578985095,-905.1680000000001
-0.0502297785966655,-909.616
-0.0521086511408663,-909.616
-0.0532359746673868,-914.0640000000001
-0.0547390727027475,-914.0640000000001
-0.055866396229268,-914.0640000000001
-0.057369494264628694,-914.0640000000001
-0.058872592299989396,-914.0640000000001
-0.060751464844190195,-914.0640000000001
-0.0622545628795509,-918.5120000000001
-0.0637576609149116,-918.5120000000001
-0.0652607589502723,-918.5120000000001
-0.0663880824767928,-922.96
-0.0675154060033133,-922.96
-0.06939427854751419,-927.408
-0.0708973765828748,-927.408
-0.07202470010939539,-927.408
-0.073527798144756,-927.408
-0.0746551216712765,-927.408
-0.0784128667596782,-927.408
-0.08066751381271929,-931.856
-0.08292216086576029,-931.856
-0.08480103340996109,-931.856
-0.08743145497184229,-936.304
-0.0900618765337235,-936.304
-0.09231652358676459,-936.304
-0.09419539613096539,-936.304
-0.0972015922016868,-936.304
-0.09870469023704749,-936.304
-0.10095933729008849,-936.304
-0.1028382098342893,-936.304
-0.1050928568873304,-936.304
-0.1073475039403714,-936.304
-0.1092263764845722,-936.304
-0.1114810235376132,-936.304
-0.1129841215729739,-936.304
-0.11448721960833459,-936.304
-0.1156145431348551,-936.304
-0.1159903176436953,-936.304
-0.1159903176436953,-922.96
-0.1159903176436953,-909.616
-0.1159903176436953,-896.2720000000002
-0.1159903176436953,-882.9280000000001
-0.1159903176436953,-869.5840000000001
-0.1159903176436953,-856.2400000000001
-0.1159903176436953,-842.8960000000001
-0.1159903176436953,-829.5520000000001
-0.1156145431348551,-816.2080000000001
-0.1156145431348551,-802.8640000000001
-0.115238768626015,-789.5200000000001
-0.115238768626015,-780.6240000000001
-0.115238768626015,-767.2800000000001
-0.1148629941171748,-753.9360000000001
-0.1148629941171748,-740.5920000000001
-0.1148629941171748,-727.248
-0.11448721960833459,-713.9040000000001
-0.11448721960833459,-700.5600000000001
-0.11448721960833459,-687.2160000000001
-0.11411144509949439,-673.8720000000001
-0.11411144509949439,-660.5280000000001
-0.1137356705906543,-647.1840000000001
-0.1137356705906543,-633.84
-0.1137356705906543,-620.4960000000001
-0.1133598960818141,-607.152
-0.1133598960818141,-593.8080000000001
-0.1129841215729739,-580.464
-0.1129841215729739,-567.1200000000001
-0.1129841215729739,-553.7760000000001
-0.11260834706413379,-540.432
-0.11260834706413379,-527.0880000000001
-0.11223257255529359,-513.744
-0.11223257255529359,-500.4000000000001
-0.11223257255529359,-487.05600000000004
-0.1118567980464534,-473.71200000000005
-0.1118567980464534,-460.36800000000005
-0.1114810235376132,-447.46880000000004
-0.1114810235376132,-434.5696000000001
-0.1114810235376132,-421.2256000000001
-0.1111052490287731,-407.88160000000005
-0.1111052490287731,-394.5376
-0.1107294745199329,-381.63840000000005
-0.1107294745199329,-368.29440000000005
-0.1107294745199329,-354.95040000000006
-0.1103537000110927,-341.60640000000006
-0.1103537000110927,-328.70720000000006
-0.10997792550225259,-315.36320000000006
-0.10997792550225259,-302.01920000000007
-0.10997792550225259,-288.6752
-0.1096021509934124,-275.77600000000007
-0.1096021509934124,-262.432
-0.1092263764845722,-249.08800000000005
-0.1092263764845722,-236.1888
-0.1092263764845722,-222.8448
-0.108850601975732,-209.50080000000003
-0.108850601975732,-196.15680000000003
-0.108850601975732,-183.25760000000002
-0.1084748274668919,-169.91360000000003
-0.1084748274668919,-156.56960000000004
-0.1080990529580517,-143.6704
-0.1080990529580517,-130.3264
-0.1077232784492115,-117.4272
-0.1077232784492115,-104.08319999999999
-0.1073475039403714,-90.7392
-0.1073475039403714,-77.84
-0.1069717294315312,-64.49600000000001
-0.1069717294315312,-51.5968
-0.106595954922691,-38.20832
-0.106595954922691,-24.95328
-0.106595954922691,-11.69824
-0.1062201804138509,1.601280000000001
-0.1062201804138509,14.72288
-0.1058444059050107,27.88896
-0.1058444059050107,40.9216
-0.10546863139617049,54.265600000000006
-0.10546863139617049,67.16480000000001
-0.1047170823784902,96.5216
-0.10434130786965,123.20960000000002
-0.1039655333608098,147.67360000000002
-0.10321398434312949,172.13760000000002
-0.1028382098342893,193.93280000000001
-0.1028382098342893,217.0624
-0.1024624353254492,239.7472
-0.1017108863077688,267.7696
-0.10095933729008849,297.1264
-0.1002077882724081,323.3696
-0.0994562392547278,350.05760000000004
-0.0983289157282073,379.85920000000004
-0.0975773667105269,407.88160000000005
-0.0968258176928466,430.5664
-0.0956984941663261,455.91999999999996
-0.0945711706398056,478.1600000000001
-0.0934438471132851,500.40000000000003
-0.09231652358676459,518.192
-0.091189200060244,540.432
-0.0904376510425637,558.224
-0.0893103275160432,571.568
-0.0878072294806825,584.912
-0.0863041314453218,602.7040000000001
-0.0840494843922808,616.048
-0.0817948373392398,633.84
-0.0799159647950389,651.6320000000001
-0.0780370922508381,664.976
-0.0765339942154774,678.32
-0.0746551216712765,691.664
-0.07202470010939539,705.008
-0.069018504038674,713.904
-0.0660123079679526,727.248
-0.0630061118972312,740.5920000000001
-0.060751464844190195,749.488
-0.058121043282309,758.384
-0.0547390727027475,767.2800000000001
-0.051357102123186,776.176
-0.047599357034784295,780.624
-0.0442173864552227,789.5200000000001
-0.0412111903845014,793.9680000000001
-0.0380171070593599,793.9680000000001
-0.034898178635986495,798.416
-0.031553785507309,807.312
-0.0280966600259794,811.76
-0.024789844348185902,816.2080000000001
-0.0214078737686244,816.2080000000001
-0.0191532267155834,820.6560000000001
-0.0159591433904419,825.104
-0.013479031632096801,825.104
-0.010247370856071301,829.552
-0.0088570051733627,829.552
-0.0063768934150176,829.552
-0.004219947734275,829.552
-0.0019389964656151,829.552
0.00012776333300569998,834
0.0026792722480305,834
0.0051969614572596,838.4480000000001
0.007977692822676899,842.8960000000001
0.0106456918354421,842.8960000000001
0.013464000651743298,842.8960000000001
0.0162071545662766,847.344
0.0187624212263897,847.344
0.0216934623953431,847.344
0.0240608418010362,847.344
0.0260524466978891,851.792
0.027668277085901798,851.792
0.0293216849247985,851.792
0.0311629800181154,856.24
0.033229739816736305,856.24
0.034695260401213006,856.24
0.036574132945413805,856.24
0.0388287799984549,856.24
0.041459201560336,856.24
0.0429622995956967,856.24
0.044465397631057405,860.6880000000001
0.045592721157577905,860.6880000000001
0.0470958191929386,860.6880000000001
0.0485989172282993,865.1360000000001
0.0508535642813403,865.1360000000001
0.0531082113343813,865.1360000000001
0.0553628583874224,865.1360000000001
0.0572417309316232,865.1360000000001
0.0591206034758241,865.1360000000001
0.061375250528865104,869.5840000000001
0.0632541230730659,869.5840000000001
0.06550877012610701,869.5840000000001
0.0670118681614676,869.5840000000001
0.0692665152145087,874.032
0.0707696132498694,874.032
0.0734000348117505,874.032
0.0764062308824719,878.48
0.07866087793551291,882.9280000000001
0.08129129949739411,882.9280000000001
0.0842974955681155,882.9280000000001
0.0861763681123163,887.3760000000001
0.0884310151653574,887.3760000000001
0.0895583386918779,887.3760000000001
0.0910614367272386,891.8240000000001
0.0929403092714394,891.8240000000001
0.0944434073068001,896.2719999999999
0.0963222798510009,896.2719999999999
0.0974496033775215,900.72
0.09895270141288211,900.72
0.1012073484659232,900.72
0.1042135445366445,900.72
0.1064681915896855,905.168
0.1087228386427266,905.168
0.11022593667808721,905.168
0.1117290347134479,905.168
0.1128563582399684,905.168
0.113983681766489,905.168
0.1147352307841693,900.72
0.1154867798018496,900.72
0.1158625543106898,896.2719999999999
0.1158625543106898,882.9280000000001
0.1158625543106898,869.5840000000001
0.1158625543106898,856.24
0.1158625543106898,842.8960000000001
0.1158625543106898,829.552
0.1158625543106898,816.2080000000001
0.1154867798018496,802.864
0.1154867798018496,789.5200000000001
0.1154867798018496,776.176
0.1154867798018496,762.832
0.11511100529300951,749.488
0.11511100529300951,736.144
0.11511100529300951,722.8000000000001
0.1147352307841693,709.456
0.1147352307841693,696.1120000000001
0.1147352307841693,682.768
0.1147352307841693,669.424
0.1143594562753291,656.08
0.1143594562753291,642.736
0.1143594562753291,629.392
0.1143594562753291,616.048
0.113983681766489,602.7040000000001
0.113983681766489,589.36
0.113983681766489,576.0160000000001
0.1136079072576488,562.672
0.1136079072576488,549.328
0.1136079072576488,535.984
0.1132321327488086,522.64
0.1132321327488086,509.29600000000005
0.1128563582399684,495.952
0.1128563582399684,482.60799999999995
0.1128563582399684,469.26399999999995
0.1124805837311283,455.91999999999996
0.1124805837311283,442.5760000000001
0.1121048092222881,431.45599999999996
0.1121048092222881,418.1120000000001
0.1121048092222881,404.76800000000003
0.1117290347134479,391.86879999999996
0.1117290347134479,378.52479999999997
0.1117290347134479,365.1808
0.1113532602046078,351.8368
0.1113532602046078,338.93760000000003
0.1109774856957676,325.59360000000004
0.1109774856957676,312.24960000000004
0.1109774856957676,298.9056
0.11060171118692741,285.5616
0.11060171118692741,272.6624
0.11060171118692741,259.3184
0.11022593667808721,245.9744
0.11022593667808721,232.6304
0.11022593667808721,219.73120000000003
0.1098501621692471,206.3872
0.1098501621692471,193.0432
0.1098501621692471,179.6992
0.1094743876604069,166.8
0.1094743876604069,153.456
0.1090986131515667,140.11200000000002
0.1090986131515667,127.21280000000002
0.1087228386427266,113.86880000000002
0.1087228386427266,100.9696
0.10834706413388641,87.6256
0.10834706413388641,74.28160000000001
0.10797128962504621,61.38240000000002
0.10797128962504621,48.03840000000001
0.107595515116206,34.96128
0.107595515116206,21.795200000000005
0.1072197406073659,8.629119999999999
0.1072197406073659,-4.554752000000001
0.1068439660985257,-17.658560000000005
0.1068439660985257,-30.780160000000002
0.1064681915896855,-43.901759999999996
0.10609241708084541,-56.93440000000001
0.10609241708084541,-70.2784
0.1057166425720052,-83.1776
0.1057166425720052,-96.5216
0.105340868063165,-109.42080000000001
0.105340868063165,-122.7648
0.1049650935543249,-135.66400000000002
0.1049650935543249,-149.008
0.1045893190454847,-161.90720000000002
0.1042135445366445,-175.25119999999998
0.1042135445366445,-188.1504
0.10383777002780441,-201.04960000000003
0.10383777002780441,-213.94880000000003
0.1034619955189642,-227.29280000000003
0.103086221010124,-240.192
0.103086221010124,-253.0912
0.1019588974836035,-289.12000000000006
0.1012073484659232,-308.24640000000005
0.100831573957083,-330.9312000000001
0.1000800249394027,-352.72640000000007
0.09932847592172231,-376.30080000000004
0.0982011523952018,-406.10240000000005
0.0974496033775215,-431.0112000000001
0.0966980543598411,-449.69280000000003
0.0955707308333206,-473.71200000000005
0.0944434073068001,-487.05600000000004
0.0936918582891197,-504.848
0.0933160837802796,-518.192
0.0925645347625992,-531.5360000000001
0.0914372112360787,-549.3280000000001
0.09030988770955821,-562.672
0.0884310151653574,-580.464
0.0869279171299967,-598.2560000000001
0.0850490445857958,-620.4960000000001
0.083170172041595,-642.7360000000001
0.0816670740062343,-651.6320000000001
0.0805397504797138,-664.9760000000001
0.07903665244435311,-673.8720000000001
0.0775335544089924,-687.2160000000001
0.0756546818647916,-691.6640000000001
0.0741515838294309,-700.5600000000001
0.07227271128523001,-709.4560000000001
0.0703938387410292,-713.9040000000001
0.0681391916879882,-727.248
0.06550877012610701,-740.5920000000001
0.0625025740553856,-749.488
0.0602479270023446,-758.3840000000001
0.0576175054404634,-767.2800000000001
0.0553628583874224,-776.176
0.0531082113343813,-780.6240000000001
0.0508535642813403,-785.0720000000001
0.047847368210618905,-793.9680000000001
0.0459684956664181,-798.416
0.0429622995956967,-802.8640000000001
0.041083427051495904,-807.3120000000001
0.0388287799984549,-807.3120000000001
0.036724442748949905,-811.7600000000001
0.0340564437361847,-816.2080000000001
0.031350867272535506,-820.6560000000001
0.0301859662951309,-825.104
0.0290210653177264,-829.5520000000001
0.0276306996350178,-829.5520000000001
0.0261276015996571,-829.5520000000001
0.0244741937607603,-829.5520000000001
0.0212425329847349,-834.0000000000001
0.0183490692666656,-834.0000000000001
0.0167332388786528,-834.0000000000001
0.0139525075132356,-838.4480000000001
0.011810592812846599,-838.4480000000001
0.0095183683089216,-838.4480000000001
0.0073012987067645,-838.4480000000001
0.0043326800869272,-838.4480000000001
0.0018638415638473002,-842.8960000000001
0.00012400558791730008,-842.8960000000001
-0.0033519086188542,-842.8960000000001
-0.0057756542008733,-847.344
-0.0077296816468422,-847.344
-0.0097964414454631,-851.7920000000001
-0.013742073788284901,-851.7920000000001
-0.0170488894660784,-856.2400000000001
-0.0191908041664674,-856.2400000000001
-0.022873394353101,-860.6880000000001
-0.0258420129729384,-860.6880000000001
-0.0286603217892397,-865.1360000000001
-0.0307646590387446,-865.1360000000001
-0.0327938413864815,-865.1360000000001
-0.0351987982430586,-869.5840000000001
-0.037303135492563595,-869.5840000000001
-0.039708092349140696,-869.5840000000001
-0.042714288419861995,-869.5840000000001
-0.0445931609640629,-865.1360000000001
-0.046472033508263795,-860.6880000000001
-0.0479751315436244,-860.6880000000001
-0.0491024550701449,-856.2400000000001
-0.050605553105505595,-856.2400000000001
-0.0521086511408663,-856.2400000000001
-0.053611749176227,-856.2400000000001
-0.0554906217204278,-851.7920000000001
-0.057745268773468895,-847.344
-0.0592483668088295,-842.8960000000001
-0.061127239353030396,-838.4480000000001
-0.0630061118972312,-834.0000000000001
-0.06488498444143209,-829.5520000000001
-0.06713963149447309,-829.5520000000001
-0.069018504038674,-820.6560000000001
-0.0705216020740347,-820.6560000000001
-0.07164892560055519,-816.2080000000001
-0.0727762491270757,-811.7600000000001
-0.07390357265359619,-807.3120000000001
-0.0750308961801167,-802.8640000000001
-0.07615821970663719,-793.9680000000001
-0.0769097687243176,-789.5200000000001
-0.0776613177419979,-789.5200000000001
-0.0791644157773586,-785.0720000000001
-0.0799159647950389,-780.6240000000001
-0.0810432883215594,-776.176
-0.0817948373392398,-776.176
